ID,Label
539.jpg,64 129 110 174 good 166 136 222 196 good 383 126 430 184 good
444.jpg,21 130 69 189 good 75 119 132 177 good 243 60 287 116 good 207 174 249 236 good 278 150 326 209 good 353 155 407 216 good 402 111 457 166 good 462 141 518 200 good 519 119 576 181 good 641 141 687 193 good 695 139 737 202 good 773 117 835 184 good 876 111 932 174 good 303 91 353 146 good 936 204 958 252 good
8.jpg,60 283 116 339 good 141 252 204 329 good 308 258 358 320 good 556 254 616 329 good 504 264 541 314 good 670 295 714 343 good 777 295 804 331 good 858 277 912 331 good 983 279 1027 329 good
268.jpg,132 429 246 564 good 433 288 581 459 good 809 144 993 370 good 1029 35 1221 277 bad
59.jpg,464 233 882 645 good
163.jpg,416 223 641 473 good
489.jpeg,371 142 535 309 good
126.jpeg,174 160 328 326 good
456.jpg,11 473 281 733 good 292 331 460 489 good 549 239 769 498 good
34.jpg,654 275 910 517 good
504.jpg,522 328 610 443 good 871 104 1010 277 good 1128 334 1201 419 good
623.jpg,122 547 223 629 good 311 502 399 578 good 416 478 484 548 good 495 743 603 839 good 634 413 727 496 good 1047 392 1162 496 good 1314 476 1370 547 good 737 341 790 413 good 879 311 915 372 good 781 224 832 278 good 647 198 684 243 good 208 394 256 457 good 363 331 415 377 none 196 329 233 367 good 481 374 542 429 good 433 228 464 270 good 199 222 236 263 good 284 291 319 326 good 121 310 153 348 good 97 257 123 287 good 307 191 337 220 good
225.jpg,500 234 659 380 good 166 312 313 461 bad
43.jpg,462 191 631 378 good
318.jpg,40 145 95 203 bad 106 145 176 229 good 225 194 299 269 good 274 107 350 190 good 344 203 420 278 good 435 137 509 219 good 585 89 665 177 good 689 167 763 247 good 790 170 855 260 good
353.jpg,10 247 223 483 bad 240 173 457 422 good
388.jpg,124 104 500 534 good
416.jpg,275 56 351 148 good 466 66 531 143 bad 535 70 589 140 good 547 222 615 300 good 805 210 855 266 good 1029 44 1077 100 bad 906 127 953 176 good
219.jpg,251 180 385 278 none
349.jpg,539 195 624 283 good 376 119 454 199 good 243 145 299 199 good 10 135 81 216 bad 665 182 699 218 good 776 111 800 165 good
17.jpg,42 104 136 211 bad 155 226 278 349 good 417 137 594 331 good 796 123 941 282 good 737 177 785 240 good 935 96 986 173 bad 324 156 379 211 good
120.jpg,260 373 296 432 bad 581 350 676 441 good 722 315 797 392 good 831 382 918 471 good
161.jpeg,179 137 260 224 good 512 93 584 178 good 683 105 760 188 good 303 153 350 202 bad 77 154 122 204 bad
485.jpg,489 167 799 512 good 109 533 281 700 good 736 53 924 302 bad
263.jpg,377 60 941 588 good
613.jpg,54 397 87 438 good 154 366 173 393 good 184 421 221 456 good 293 323 345 386 good 431 390 471 447 good 597 371 630 409 good 638 367 657 386 good 681 368 696 386 bad 756 399 792 434 good 907 344 952 400 none 803 362 820 380 good
20.jpg,283 334 616 674 good 949 528 1256 901 good 1509 614 1763 934 good 1876 641 2203 1028 good 2876 208 3216 648 good 2488 641 2716 876 good
576.jpg,9 142 35 172 good 121 52 166 97 good 196 167 241 214 good 313 140 344 174 good 505 90 542 133 good 561 279 601 319 good
656.jpeg,365 170 656 498 good
537.jpg,620 276 706 363 good
530.jpg,1086 466 1449 859 good 748 308 1052 701 good
429.jpg,14 95 45 131 good 116 93 147 126 good 210 105 241 137 good 307 92 332 123 good 388 87 418 121 good
30.jpg,210 471 230 495 bad 293 454 318 481 good 361 509 377 524 good 397 474 416 496 good 453 470 473 494 good 481 480 497 503 good 514 480 534 498 good 612 511 648 546 none 808 376 845 421 good 1000 357 1034 406 good
402.jpg,23 197 149 304 good 392 142 440 188 good 516 159 554 208 good 783 143 832 191 good 857 83 910 142 good 1094 105 1194 233 good 886 271 938 326 good 1024 154 1092 213 bad 474 122 503 157 bad 361 117 385 158 good 238 93 283 153 bad 682 91 728 135 good
44.jpg,263 102 344 174 none
450.jpg,3404 1988 3858 2457 good 3658 1426 4012 1780 bad 1874 1534 2235 1888 bad 2158 1911 2627 2357 good 4265 1543 4535 1811 good 666 1696 1051 2157 good 220 1411 481 1696 good 1120 1634 1327 1942 good 1497 1511 1735 1750 good 1666 1334 1927 1673 good 2243 1350 2520 1634 good 2512 1380 2697 1596 good 2752 1119 2889 1288 good 3243 1011 3435 1180 good 1281 1396 1466 1619 bad 481 1180 635 1342 good 1612 1080 1820 1288 good 2095 961 2247 1113 bad 2338 917 2403 1022 good 2912 896 2990 1004 good 1895 965 1999 1083 good 1121 870 1208 957 good 3064 1065 3229 1209 good 2586 1226 2729 1391 good 4151 900 4247 1026 good 4351 870 4451 1000 good 3547 1017 3634 1117 good 4264 870 4347 978 good
531.jpg,157 181 193 217 good 470 194 505 235 good 634 156 677 201 good 810 165 854 207 good
150.jpg,7 73 123 201 good 309 173 389 262 good 419 101 454 152 good 498 99 568 178 good 900 133 939 172 good 968 137 1003 181 bad 780 117 822 165 bad 718 111 757 161 bad 635 107 679 169 bad 191 118 248 176 bad 148 130 172 157 bad
103.jpg,476 438 802 812 good 952 199 1242 536 good
589.jpeg,816 82 879 145 good 66 116 116 161 good 622 106 668 155 good 693 182 726 215 good 913 173 960 227 none 450 98 506 165 none 89 155 145 218 none 1 111 45 158 bad 169 168 224 227 bad 216 135 253 177 bad 342 144 387 184 bad 582 124 624 165 bad 700 82 747 127 bad
148.jpg,402 61 460 120 good 536 253 606 316 good 854 236 914 306 good 929 288 986 371 good
376.jpg,79 105 109 142 bad 185 100 226 144 good 325 90 360 141 bad
159.jpg,155 342 222 407 good 468 52 554 130 good
503.jpg,90 5 214 132 good 414 16 538 138 good 736 15 842 126 good 684 232 804 362 good 419 242 538 354 good 109 216 222 349 good 117 467 222 540 good 427 462 523 540 good 731 470 868 540 good
565.jpeg,318 220 385 295 good 427 335 491 410 good 57 299 109 366 good 681 235 751 311 good 480 285 554 372 none 102 442 191 526 bad 1 100 54 156 bad 265 94 317 151 bad 707 532 793 600 bad
521.jpg,1132 744 1802 1364 good
418.jpeg,377 367 470 459 none 758 420 842 503 none 1283 397 1382 492 bad
4.jpg,329 172 439 300 none 555 260 665 374 good 739 278 816 356 good 910 266 990 349 good 996 302 1045 360 good 1048 269 1090 322 good 1130 290 1151 318 bad 1158 287 1178 311 bad 1255 299 1277 324 good
544.jpg,48 44 184 205 good 379 61 480 205 good
265.jpg,480 174 552 242 good 298 371 357 435 good 199 315 249 369 good 401 135 461 203 good 226 156 284 224 good
62.jpg,47 218 218 393 good 542 345 631 435 good 597 395 714 533 good 866 392 954 485 good 1028 207 1188 400 good 994 267 1033 312 good 877 292 911 326 good
269.jpg,879 171 932 213 good 591 327 770 457 good 242 152 386 331 good 449 197 572 280 good 404 155 449 215 good 640 117 663 140 good 866 115 887 132 good 947 124 975 149 good
328.jpg,281 128 384 228 good 872 71 960 158 bad 460 253 548 344 bad 597 226 696 332 good
202.jpg,635 171 751 316 good
49.jpg,300 118 445 280 good 18 313 80 380 good
500.jpg,195 123 337 275 none
329.jpg,377 144 524 311 good 693 267 826 428 bad 497 222 596 327 bad
562.jpg,337 125 501 305 good
122.jpeg,113 97 252 251 none
147.jpg,229 146 366 291 good
347.jpg,547 223 741 450 good
2.jpg,107 310 146 378 good 229 339 250 373 good 321 350 353 395 good 581 305 616 350 bad 527 421 590 497 good 748 282 775 322 good 713 392 778 455 good 912 358 954 393 good 1021 330 1058 358 good 962 431 1020 500 none
466.jpg,206 139 292 237 good 447 127 529 215 good 657 154 736 250 good
167.jpg,134 84 220 166 bad 420 16 460 63 bad 610 26 656 77 bad 651 43 720 124 good 454 106 531 173 bad 414 199 513 306 good 216 240 296 291 bad 115 533 201 619 none 347 289 444 399 none 539 244 679 387 none 776 130 829 187 bad 819 139 901 230 good 1044 131 1166 256 good 839 420 990 580 good
144.jpg,236 142 290 207 good 348 234 400 303 good 481 236 536 288 good 577 159 625 226 good 981 71 1081 190 good 1033 261 1136 384 good
364.png,42 280 107 345 bad 147 286 203 341 bad 229 306 286 375 bad 364 170 485 300 good 779 280 844 343 good
310.jpg,135 99 253 204 good 403 59 506 154 good 679 95 762 183 good 900 88 989 173 good
13.jpg,136 115 168 148 bad 301 150 335 189 bad 581 101 614 152 bad 690 71 730 122 bad 756 153 809 206 bad 886 120 918 150 bad 845 124 873 154 bad 800 124 834 163 bad 776 96 807 124 bad 1010 93 1050 138 bad
409.jpg,78 49 395 386 good
441.jpg,48 158 111 214 good 184 87 250 157 good 331 129 405 200 good 568 77 686 195 good
526.jpg,291 104 446 301 good 425 549 625 747 good 896 270 1029 409 good 1139 183 1284 356 good 1608 442 1936 745 good
292.jpg,102 252 235 392 good 180 198 272 302 good 109 121 169 189 good 313 217 500 407 good 213 89 273 149 good 689 281 822 392 good 744 85 829 160 good 885 172 984 279 good 1145 110 1234 201 good 1 137 47 215 good
534.jpg,257 70 325 157 good
394.jpg,205 169 376 362 good
27.jpg,194 212 258 274 good 444 178 523 262 good 654 182 721 253 good 871 189 935 249 bad 1111 209 1173 266 bad 1139 53 1179 90 bad 752 18 773 51 bad 679 32 696 57 bad 976 92 991 114 bad 885 93 903 111 bad 840 86 858 105 bad 514 71 535 95 good 433 90 451 107 bad 247 72 267 92 bad 172 71 195 98 bad 75 66 91 91 bad 4 65 28 87 bad
361.jpg,73 144 118 191 good 264 166 305 214 good 434 135 521 239 none 788 159 841 216 good 946 141 1003 191 good 615 142 649 192 good
244.jpg,152 143 225 219 good 472 187 547 268 good
114.jpg,493 41 572 154 bad 948 71 1042 171 good 1074 424 1166 520 good 1305 158 1407 264 good
130.jpg,30 148 114 219 good 343 135 418 211 good 434 227 465 262 bad 508 216 530 240 good 552 214 573 239 good 610 133 709 231 good 859 80 987 197 good 573 253 592 275 good
555.jpg,386 180 541 358 good 451 273 649 430 good
29.jpg,796 79 844 142 good 705 50 763 119 good 568 78 624 136 good 437 121 477 172 good 392 127 429 168 good 232 106 284 156 good 92 155 144 208 good 138 146 180 198 good 34 113 67 143 good
479.jpg,137 76 200 155 bad 329 152 456 310 good 580 142 696 269 good
631.jpg,86 221 130 262 good 425 231 539 356 good 718 241 808 320 good 887 222 1024 437 good
93.jpg,405 266 801 667 good
664.jpg,414 244 722 582 good
302.jpg,112 81 187 162 good 238 121 292 174 bad 332 118 392 166 good 439 61 498 128 good 524 132 580 189 good 583 116 635 172 bad 668 261 730 322 good
372.jpg,105 163 222 297 good 318 187 430 303 good 1163 142 1263 252 good 1263 397 1370 511 good 1701 256 1776 354 good 1981 320 2022 363 bad
96.jpg,162 149 242 237 good 340 132 410 215 good 539 69 633 165 good 441 170 459 194 good 522 160 541 181 good 135 195 164 229 none 649 164 669 190 bad 716 165 736 187 bad
333.jpg,4 419 93 515 good 70 314 111 360 good 115 294 142 328 good 167 263 192 288 good 12 275 36 296 good 188 322 227 357 good 233 270 262 300 good 241 353 361 481 good 293 269 320 291 good 388 282 405 299 good 407 295 435 321 good 442 336 488 382 good 537 317 602 386 good 522 298 546 334 good 459 293 478 310 good 599 267 628 289 good 723 300 750 323 good 727 264 744 282 good 772 336 798 361 good 756 280 774 293 good 804 304 826 326 good 841 328 893 378 good 924 304 949 330 good 1027 337 1050 391 good 993 292 1026 319 good 564 268 578 284 bad
45.jpg,356 97 771 641 good
558.jpeg,467 2 715 276 good 980 550 1122 741 good 1219 673 1328 818 good 1451 860 1554 992 good 1577 934 1661 1041 good 1680 976 1780 1083 good
195.jpg,1 59 82 208 good 203 93 301 210 good 317 89 420 203 good
127.jpg,287 131 349 217 good 251 485 317 545 good 499 149 579 249 good 687 71 795 211 good 793 171 867 265 good
643.jpg,13 429 99 512 good 128 380 184 437 good 192 322 295 439 good 365 273 427 358 good 240 106 276 144 good 306 44 335 73 good 325 110 353 145 good 388 61 411 84 good 460 64 489 95 good 438 175 468 210 good 513 248 595 330 good 592 85 620 113 good 664 161 694 191 bad 518 88 547 119 bad 339 215 378 254 bad
608.jpg,631 157 710 252 good
432.jpg,295 225 383 312 good 408 202 493 300 good 600 108 695 221 good 778 172 860 259 good 970 156 1019 244 good
362.jpg,303 130 342 169 good 433 295 468 329 good 543 304 576 335 good 539 70 582 120 good 738 51 789 116 good
498.jpg,310 172 499 388 good
512.jpg,356 81 445 173 good 1153 81 1244 175 bad
108.jpg,474 55 542 128 good
3.jpg,343 165 428 292 bad 434 141 568 305 good
149.jpg,355 56 428 138 good
212.jpg,189 396 304 504 bad 205 262 307 349 bad 345 252 433 322 good 453 310 536 388 bad 512 227 593 312 good 378 149 471 252 bad 185 562 277 707 good 281 618 418 767 bad 408 727 544 886 bad 578 789 756 979 good 610 456 727 589 good 610 308 721 397 good 627 145 696 216 bad 795 144 873 240 good 770 203 826 292 good 882 148 958 234 good 993 95 1066 178 bad 1059 156 1173 270 bad 786 405 886 511 good 764 582 879 686 good 958 451 1071 582 good 829 760 908 868 bad 742 770 816 929 bad 1029 836 1189 1003 good 1096 508 1223 632 good 1218 721 1314 877 good 1177 366 1268 463 good 1311 478 1416 592 good 1177 79 1266 167 bad 1184 212 1253 279 bad 1267 114 1348 192 bad 1444 77 1507 158 good 1332 219 1412 301 bad 1449 474 1574 555 good 1534 689 1679 815 bad
662.jpg,79 79 272 269 good
568.jpg,62 388 206 513 good 193 291 320 415 good 269 210 376 349 none 532 273 664 403 good 676 208 786 337 good 898 252 991 359 good 1001 232 1118 364 good 1246 127 1312 227 good 1415 144 1486 232 good 745 889 862 999 none
173.jpg,159 217 240 301 good 328 269 473 439 bad 62 163 125 231 good 146 74 193 133 none 199 164 254 217 bad 262 128 315 174 good 326 113 389 163 good 412 142 462 189 good 454 175 514 237 good 525 188 594 237 good 456 79 493 120 bad 378 44 401 69 good 465 34 489 59 good 645 219 739 308 good 115 93 152 141 good 249 86 295 125 good 582 24 598 42 good 782 466 852 576 good 816 263 905 362 good 811 136 880 195 good 818 219 856 272 good 774 92 819 150 good 873 81 908 120 good
140.jpg,152 235 236 322 good 410 257 486 347 good 489 157 564 239 good 768 223 845 304 good
253.jpg,204 237 319 339 good 571 217 660 316 good 931 237 1036 329 good 6 158 67 229 bad 323 144 400 200 good
607.jpg,1234 130 1358 264 good 858 146 1003 280 good 1147 222 1210 309 good 550 283 666 441 good 282 264 363 378 good 734 254 847 354 good 79 277 166 356 good 1418 267 1529 380 good 316 214 426 341 bad
594.jpeg,488 132 591 263 good
160.jpg,56 144 85 182 bad 304 58 358 123 good 526 251 571 307 good 953 28 1015 101 good
459.jpg,82 170 149 239 good 304 335 369 396 good 486 352 551 423 good 751 635 800 705 good
261.jpg,99 100 340 382 good
454.jpg,575 124 726 299 good 728 186 824 275 good 984 103 1067 184 good 101 109 205 197 good 250 152 350 222 good
74.jpg,153 143 187 199 good 317 197 367 247 good 490 188 543 243 good 712 174 765 229 good 834 172 860 239 good 659 177 676 198 bad 574 220 590 240 bad 574 183 590 202 bad 641 183 651 198 good 684 174 696 189 good
243.jpg,372 406 472 502 good 711 758 797 841 good
478.jpeg,341 391 745 836 none
438.jpg,44 214 163 342 bad 44 509 175 628 bad 285 116 380 186 bad 605 348 739 474 good 709 43 821 167 bad 872 250 983 357 bad 883 557 1004 647 bad
411.jpg,871 252 917 304 good 673 81 715 125 good 466 306 510 354 good 49 132 100 177 good 303 167 349 215 good 388 111 427 154 good 234 523 280 557 bad 558 447 595 494 bad
199.jpg,276 137 334 201 good 452 177 489 215 good 496 158 537 199 bad 523 227 564 257 bad 581 171 621 220 none 716 158 742 192 good 753 215 790 265 good 875 206 919 265 good 964 168 1019 230 bad 1066 201 1124 268 good 390 226 421 255 bad
262.jpg,51 467 200 618 good 306 359 476 548 good 618 351 800 553 good
154.jpeg,178 351 273 454 good 430 365 513 465 good
134.jpg,156 163 342 376 good 560 188 836 410 good
312.jpg,83 107 188 220 good 376 92 472 211 good 521 176 605 259 good 735 224 800 301 good
303.jpg,337 112 533 313 good 844 170 960 291 good
325.jpg,601 113 667 201 good 743 349 814 412 good
463.jpg,326 159 446 290 none
523.jpg,867 373 900 404 good 123 402 147 427 good
1.jpg,115 187 197 243 good 384 156 456 215 good 233 243 266 279 good 520 202 561 246 good 651 179 710 251 good 818 194 882 271 good 1118 199 1164 274 good 1351 187 1412 256 good 925 295 941 314 good 1573 315 1592 334 good 1551 320 1574 344 good
546.jpg,76 147 244 325 none 304 77 404 160 bad 499 162 566 250 good 559 280 681 405 good 229 592 541 895 good 694 530 986 832 good 856 315 1001 477 good 696 192 801 305 good 1184 175 1309 302 bad 1351 85 1486 195 good 1374 215 1496 357 good 1099 460 1269 642 good
667.jpg,39 206 108 274 good 753 229 829 331 good
612.jpg,222 314 258 350 good 331 248 373 283 good 411 231 450 270 good 545 233 578 271 good 695 254 727 290 good
73.jpg,495 228 769 495 good 986 115 1179 330 good
545.jpeg,20 339 149 478 none 526 184 675 372 none 987 304 1080 449 bad
222.jpg,29 94 137 202 good 375 120 503 262 good 747 139 806 203 good 973 143 1024 197 good
41.jpg,205 235 425 486 bad 489 245 684 436 good
642.jpg,555 327 651 423 good 441 325 543 405 bad
323.jpg,785 385 914 564 none 1148 568 1252 714 good 1918 535 2014 655 good 2310 593 2381 672 bad
341.jpg,424 54 949 645 none
578.jpg,26 278 63 320 good 224 225 260 272 good 328 230 364 272 good 411 177 455 226 good
124.jpg,195 125 303 266 good
35.jpg,74 168 119 208 good 115 104 165 161 good 28 553 165 673 good 215 611 342 729 good 777 536 831 588 good 811 635 852 679 good 870 641 944 703 good
446.jpg,148 94 185 130 good 194 112 230 145 good 247 69 292 122 good 416 381 463 434 good
21.jpg,406 230 555 420 bad
98.jpeg,548 14 798 275 good 1021 341 1142 491 good 1058 258 1136 439 good 125 212 208 398 bad
80.jpg,702 206 753 255 bad 740 520 784 570 bad
659.jpg,98 133 196 236 good 358 259 447 351 good 611 351 696 441 good 821 343 907 427 good 486 274 578 356 good
238.jpg,5 139 206 349 none 312 60 535 300 good 616 386 736 484 bad
174.jpg,54 18 141 108 good 272 26 386 158 good 100 254 149 325 good 246 251 349 354 good
224.jpg,475 211 531 275 good 383 259 424 300 good 42 49 138 156 good 672 301 688 319 good
573.jpg,237 107 372 246 none
616.jpg,199 311 271 418 good 258 251 312 346 good 370 228 437 283 good 605 153 645 192 good
397.jpg,96 244 134 281 good 255 103 306 162 good 348 156 388 202 good 391 194 424 238 good 484 179 526 227 good 682 45 705 91 bad 799 179 834 223 bad 1 207 18 256 bad
22.jpg,471 319 669 551 good 717 289 1039 655 good
636.jpg,7 1582 725 2413 good 475 850 832 1350 good 1119 900 1688 1525 good 638 438 1050 988 good 1832 1175 2625 1982 good 2469 213 2900 688 good 3313 138 3725 719 good 3225 1350 3825 1994 good
477.jpg,229 205 390 336 good 838 161 985 297 good
649.jpg,1 116 64 241 bad 192 60 334 244 none 247 434 420 561 good 424 160 560 313 bad 559 173 668 303 good 684 152 826 305 bad 727 473 891 561 good 822 292 971 452 good 877 131 974 228 bad
615.jpeg,56 33 281 313 good 515 275 777 560 good 817 3 1094 250 none
436.jpg,174 230 366 435 bad 356 269 496 435 good 577 179 777 401 bad 1108 341 1273 533 good
650.jpg,687 95 784 205 good 560 83 644 168 good 472 145 565 245 good 240 120 365 240 good
611.jpg,1150 918 1327 1102 good 1769 1154 1922 1319 good 2633 1079 2723 1263 good 3128 1376 3273 1496 good 3359 1187 3505 1365 good 4188 1430 4309 1585 good
447.jpg,111 160 241 298 good 261 152 362 266 good 501 112 638 255 good 897 138 1003 260 good
532.jpg,366 235 424 303 good 351 130 432 171 good 631 344 693 434 good 573 268 613 344 good 699 138 725 165 good 256 123 287 155 none 76 127 97 148 bad 507 109 535 142 bad 762 99 782 131 bad 572 211 611 247 bad 901 185 927 209 good 937 193 976 233 bad 948 256 976 313 bad 973 194 1005 223 bad
431.jpg,155 223 480 600 good
457.jpg,1 366 70 443 good 108 356 170 411 good 345 99 400 150 good 534 46 584 104 good
597.jpg,211 158 311 262 good 521 96 611 209 good 871 238 1019 400 good
169.jpg,252 102 316 165 good
81.jpg,52 191 203 346 none 402 307 530 459 good 539 401 618 516 good 648 412 784 551 good 832 375 928 498 good 671 178 741 266 good 743 159 812 232 good 527 128 575 194 good 575 92 630 151 good 478 175 549 233 good 623 27 666 69 good 716 14 757 51 good 557 19 596 58 good
77.jpg,227 281 295 361 good 489 337 561 397 good 685 277 729 323 bad 811 309 853 361 bad 111 299 136 334 good
652.jpg,285 300 404 416 good 556 268 667 376 good 856 273 951 375 good 1211 573 1255 623 good 1277 499 1334 557 bad 1448 500 1535 584 bad
137.jpg,353 296 569 534 good
309.jpg,284 116 406 237 bad 500 117 658 263 good
644.jpg,105 92 143 134 good 228 78 289 153 good 571 116 593 137 bad 670 125 695 149 bad 781 84 809 123 good 867 98 904 142 good
47.jpg,86 578 118 613 good 345 565 381 606 good 441 629 460 657 bad 525 562 565 602 good
72.jpg,136 61 208 137 bad 344 176 417 249 good 522 183 594 256 good 644 223 730 303 bad
92.jpg,552 152 647 236 good 307 293 397 388 good
433.jpg,400 184 527 318 none
651.jpg,366 208 541 365 good
621.jpg,431 269 503 347 good 644 246 716 351 good 300 283 339 328 good 383 295 418 331 good
653.jpg,308 176 395 259 good 487 156 573 240 good
112.jpg,448 273 564 404 good 1385 87 1425 164 bad 780 97 825 145 bad 183 69 219 110 bad 311 52 347 95 bad
237.png,80 94 276 300 good 494 256 565 331 good 690 264 776 380 good 862 268 984 366 good
542.jpg,584 197 666 288 good 845 164 921 247 good 297 220 372 314 good 364 243 414 305 good 192 230 250 309 good 5 270 76 352 good
610.jpeg,109 61 236 202 good 124 302 221 393 good 101 524 218 649 good 438 71 568 212 good 435 305 562 422 good 440 529 565 646 good 777 68 899 200 good 753 293 863 422 good 719 454 918 659 good
609.jpg,42 212 146 321 good 167 235 239 311 bad 239 416 348 519 bad 434 227 517 319 good 530 171 594 249 good 617 195 712 266 bad 780 203 827 278 good 827 231 928 338 good 961 290 1000 390 bad 701 491 828 601 good
455.jpg,374 211 699 499 good
28.jpg,62 215 98 259 good 129 214 198 268 good 376 202 427 269 good 441 274 465 299 bad 528 264 545 284 good 573 201 648 277 good 768 151 858 257 good 545 294 562 311 good 931 284 956 307 good
215.jpg,134 401 280 551 good 71 223 191 335 good 200 131 279 212 good 375 115 446 201 good 512 142 603 235 good 620 128 682 192 bad 784 96 884 194 good 996 87 1091 198 good
625.jpg,130 196 416 469 good
322.jpg,102 368 173 483 good 423 349 486 442 good 486 408 583 496 good 601 292 669 375 good 671 303 757 399 bad 752 383 873 523 good 765 236 839 309 bad 890 212 970 304 bad 1085 268 1162 351 bad 1038 370 1116 460 good 1149 344 1231 449 good 1391 283 1461 362 good 1212 384 1319 491 none 1483 306 1582 399 bad 272 298 320 349 bad 1281 277 1330 333 bad 1467 266 1509 314 good
655.jpg,163 841 343 1034 good 874 986 1040 1172 good 1427 879 1601 1087 none 521 1014 601 1123 bad 1225 963 1318 1072 bad
208.jpg,46 133 92 181 good 156 180 205 223 good 217 158 254 200 good 272 174 316 219 good 356 213 408 266 good 507 209 553 255 good 441 155 486 198 good 342 171 365 213 good 368 168 417 206 good
287.jpg,1 40 162 272 good 136 190 248 314 bad 232 207 280 287 bad 302 178 494 410 good 650 154 794 311 bad 485 239 566 357 good
422.jpg,34 131 173 351 bad 488 89 533 136 good 414 284 492 351 good 765 116 989 361 good 559 73 601 121 good
515.jpeg,736 312 791 370 good 857 287 914 353 good
658.jpg,169 485 268 618 good 993 410 1093 518 good 1085 206 1156 322 good 1260 247 1343 364 good 1477 251 1548 356 bad 1552 272 1660 406 none 1856 235 1939 335 good 2073 314 2156 431 good 2339 289 2406 389 good 2406 272 2493 397 none
453.jpg,482 172 582 297 good
293.jpg,516 154 629 262 good 485 293 573 384 good
343.jpg,641 55 689 112 good
317.jpg,707 181 800 279 good 1218 128 1351 238 good
351.jpg,90 172 144 217 good 229 148 260 184 good 322 157 354 185 good 444 155 466 184 good 475 166 493 189 good
178.png,417 120 611 349 good
220.jpg,155 98 244 241 good 228 125 347 280 good 401 127 492 261 good 522 185 595 289 good 640 107 699 208 good 728 181 794 266 good 796 175 837 249 none 822 156 856 218 good 873 190 911 242 good
518.jpeg,441 314 527 387 good 1144 189 1228 277 good
410.jpg,424 342 470 394 good 646 372 683 417 good 938 365 981 415 good 727 378 767 425 bad
106.jpg,332 204 392 270 good 541 189 606 257 good 804 154 851 205 good
291.jpeg,307 237 483 394 good 605 199 807 365 good
187.jpg,594 781 825 1019 good 1043 98 1129 208 good 1439 84 1567 201 bad 1243 374 1349 498 good 561 56 597 95 bad 668 70 705 112 bad 847 40 886 75 bad 1646 190 1704 236 good 1374 51 1423 98 good 1190 29 1224 80 bad 1251 1 1278 33 bad 740 106 786 161 good 717 151 797 271 good
38.jpg,107 456 192 562 bad 258 360 405 508 bad
259.jpg,277 165 544 411 good
210.jpg,212 462 357 619 bad 596 718 640 837 bad
396.jpg,71 123 135 189 good 180 167 235 224 good 353 108 390 149 good 401 143 469 219 good 434 108 477 150 good 479 136 529 193 good 522 296 592 362 good 571 138 610 182 good 637 130 674 182 good 671 133 724 193 good 736 159 783 209 good 779 181 838 242 good 849 191 916 259 good 923 120 972 174 good 979 128 1025 169 bad 1068 101 1121 164 good 1139 116 1193 180 good 1029 128 1057 166 good
604.jpg,13 442 172 678 good 169 475 367 680 good 421 396 596 610 good 423 69 599 240 good 99 94 253 232 bad 805 183 967 396 good 1510 369 1667 591 good 1429 142 1583 296 good
196.jpg,211 227 425 443 good
240.jpg,571 149 903 539 none
346.jpeg,243 82 429 308 none 423 196 482 282 bad
513.jpg,22 124 94 183 good 161 108 228 176 good 287 105 357 173 good 384 140 447 187 good 436 133 500 200 good 692 102 754 198 good 830 149 903 241 good 878 327 958 426 good 785 395 871 472 good 589 378 662 459 good 501 295 571 394 good 312 367 403 446 good 106 302 181 389 good
313.jpg,334 230 642 511 good
116.jpg,158 149 216 209 good 98 234 170 311 bad 388 136 437 191 bad 458 237 519 301 good
571.jpg,671 304 767 404 good 398 376 471 445 good
83.jpg,239 250 364 377 good
445.jpeg,121 227 384 495 good
296.jpg,322 432 414 550 good 725 275 793 402 good 1301 486 1411 605 good
24.jpg,227 114 278 171 good 204 396 256 439 good 396 122 467 206 good 553 60 646 174 good 637 138 704 209 good
299.jpg,76 285 106 322 bad 152 291 189 328 bad 227 284 262 326 good 315 330 349 370 good 433 305 481 348 bad 565 316 620 362 bad
596.jpg,253 257 742 766 good 864 312 1216 688 good
641.jpg,91 38 132 82 bad 157 125 205 170 bad 145 228 198 282 bad 114 351 166 400 good 462 81 504 127 bad 414 186 465 232 good 456 252 504 297 good 429 368 483 422 good 736 21 781 64 good 814 90 866 135 good 804 180 848 216 bad 696 267 744 316 bad 787 412 837 442 good
626.jpg,140 182 240 308 good 304 246 398 374 good 542 159 622 256 good 641 151 755 285 good 595 376 714 520 good 734 55 815 136 good 930 110 1014 215 good 812 98 873 164 good
117.jpg,209 205 484 423 good 479 177 745 466 good
640.jpg,247 103 462 336 good
275.jpg,305 243 501 445 good
648.jpg,413 213 593 381 good
467.jpg,4 248 111 373 bad 121 145 289 317 good 380 188 522 334 good 514 193 647 332 good 691 137 837 285 good
94.png,267 171 517 445 good
536.jpeg,234 42 356 187 good 491 155 587 261 good 638 272 697 337 good 718 324 772 371 good 799 272 852 328 good 871 355 907 402 good
428.jpg,255 176 326 255 good 556 225 613 288 good 728 251 777 312 good 901 239 945 286 bad 1167 195 1195 221 bad
345.jpg,465 63 596 221 good 125 434 249 583 good 487 508 598 648 good
669.jpg,128 366 326 609 good 375 430 554 596 good 573 233 790 474 good
564.jpg,467 166 552 280 good 25 572 67 647 bad 70 599 138 669 bad 133 552 181 619 bad 183 580 214 643 bad 216 576 253 633 bad 695 408 717 451 bad 266 569 300 622 bad
547.jpg,77 242 159 357 good 246 152 343 236 good 69 113 120 163 good 330 31 377 82 good 471 170 528 231 good 546 134 585 187 good 654 139 691 199 good 586 243 650 315 good 620 370 687 450 good 787 233 860 296 good 631 13 662 55 good 869 65 909 94 good 996 86 1070 168 good 494 46 517 86 good
270.jpg,336 516 369 558 bad 461 283 538 372 good 742 296 823 388 good
399.jpg,361 107 546 324 none 198 173 351 330 good 578 198 710 465 good
203.jpg,145 173 348 411 good 489 304 654 478 good
274.jpg,511 118 841 490 none
216.jpeg,558 103 675 216 good 316 219 408 316 good 125 173 220 261 good
186.jpg,562 285 960 749 good
249.jpg,369 157 428 219 good 510 130 544 169 bad
156.jpg,92 199 155 275 good 205 246 275 311 good 413 183 454 231 good 478 219 545 305 good 513 183 558 236 good 558 212 616 280 good 619 383 689 457 good 616 199 637 252 good 670 216 710 269 good 737 207 781 267 good 776 208 837 278 good 855 240 911 298 good 910 259 965 327 good 990 275 1067 349 good 1022 166 1054 216 good 1082 196 1134 259 good 1139 201 1190 255 bad 1196 199 1224 240 good 1241 181 1301 241 good 1320 194 1388 260 good
260.jpg,533 185 631 289 good 733 153 838 292 none 905 279 1024 488 good 398 49 441 94 bad
334.jpg,295 260 352 321 good 466 252 521 309 good 86 275 124 320 bad 215 230 262 273 bad 576 232 606 275 bad 635 266 671 302 bad 730 257 763 296 bad 376 264 397 294 bad
327.jpg,96 74 169 160 good 69 486 114 536 good 192 491 246 548 good 504 371 590 460 good 679 471 744 541 good 1080 45 1137 111 good 1017 55 1061 116 good
164.jpg,308 73 455 221 good
541.jpg,193 308 302 431 good 506 267 615 386 good 800 309 845 362 good 1 359 42 414 bad 705 282 763 359 bad
420.jpg,560 126 701 274 good 357 323 393 356 good 8 228 36 284 good 1241 389 1277 423 good 1091 399 1125 434 good
128.jpg,288 346 440 508 good 1 542 133 692 good 35 156 145 271 good 267 172 372 272 good 553 187 688 317 good 448 69 546 182 good 654 22 743 122 good 1 196 49 274 good 775 42 864 124 good 577 30 641 109 good 382 103 448 175 bad 796 137 923 260 bad
488.jpg,280 183 427 280 none
585.jpg,176 188 237 262 good 353 200 435 280 good 512 231 576 292 good 645 84 739 188 good 755 160 806 211 good 859 154 937 235 good 973 360 1047 439 good 1057 125 1137 207 good 1194 186 1271 270 good 1316 219 1365 278 good 1373 217 1441 282 good 1427 174 1467 219 good 1518 125 1600 213 good
473.jpg,42 314 145 440 bad 155 356 325 573 good 355 419 425 489 good 680 306 817 464 good 821 385 905 502 good 1263 423 1359 539 good 1389 344 1480 463 bad 1492 460 1599 579 good 1884 489 2016 637 good 952 555 1018 618 bad 2305 352 2352 406 good 1710 356 1767 428 good
189.jpg,449 239 572 381 good 947 276 1021 366 bad
412.jpg,230 80 282 143 good 402 46 454 105 good
233.jpg,37 177 138 285 bad 37 430 143 533 bad 515 295 625 404 good 244 101 321 158 bad 605 36 695 146 bad 738 213 833 301 bad 744 472 860 556 bad
320.jpg,7 562 86 619 good 95 488 173 571 good 153 439 212 513 none 77 269 132 326 bad 264 277 317 345 good 255 109 318 166 good 67 169 117 235 good 8 148 42 201 good 580 521 659 600 good 535 471 606 532 good 515 224 583 291 good 497 110 564 166 good 506 18 567 65 good 698 104 758 173 good 676 271 735 335 good 791 101 856 173 good 873 59 936 113 good 949 166 1023 229 good 993 393 1062 456 good
242.jpg,302 226 382 302 good 710 217 765 267 none 584 208 628 308 good 801 221 870 297 good 39 246 73 276 good 111 260 143 298 good 3 261 41 297 good
197.jpg,341 227 585 502 good 570 254 839 566 good
588.jpg,379 199 534 372 good 634 395 782 548 good
359.jpg,22 96 82 150 bad 181 82 242 143 bad 351 111 408 165 bad 477 111 531 162 bad 601 123 657 173 bad 685 147 736 193 bad 773 163 800 214 bad
165.jpeg,539 99 626 205 good 285 134 376 226 none
100.jpg,143 144 302 308 good 469 181 604 328 good
331.jpg,466 122 562 219 good 899 256 964 343 good
486.jpg,59 1 105 55 good 133 83 195 140 bad 243 85 308 147 good 458 68 527 157 good
61.jpg,782 563 956 727 good 979 268 1174 486 good
101.jpg,249 365 367 486 good 667 250 832 440 good
525.jpg,353 178 480 318 none 64 187 133 254 bad
440.jpeg,135 206 288 339 good 554 337 664 463 good 813 96 931 223 good 60 269 90 314 good
385.jpg,39 104 174 231 good 320 34 377 90 good 282 172 378 269 good 214 423 453 520 good 535 170 622 263 good 475 34 532 93 good 658 22 727 93 good
540.jpg,33 220 87 274 good 99 235 166 301 good 250 249 297 298 good 531 169 600 247 good 409 225 438 260 good
629.jpg,404 102 548 248 good
350.jpg,336 137 380 186 good 444 174 480 210 good 832 17 901 127 good 852 181 864 200 good
89.jpg,590 1302 945 1692 good 1540 897 1936 1329 good
563.jpg,53 532 133 611 good 326 471 405 552 good 525 478 592 562 good 884 548 999 635 good 953 380 982 409 good 643 393 657 415 good 578 385 590 401 good 390 393 405 412 good 283 399 301 418 bad 755 459 768 479 good
583.jpg,206 294 346 507 good 334 212 501 386 good 537 267 646 405 good
373.jpg,7 118 37 157 good 102 26 161 96 good 244 160 265 199 good 353 165 378 197 none 383 57 417 108 good 494 71 520 117 good 482 108 510 145 good 626 107 661 145 good 676 111 708 150 good 748 153 765 179 good 784 117 820 156 good 860 133 890 168 good 896 133 922 170 good
527.jpg,116 372 341 534 good 357 159 640 468 good
330.jpg,483 224 561 319 good 367 166 454 277 good
365.jpg,66 113 307 383 good 361 246 572 475 good 686 203 904 433 good
627.jpg,106 183 162 239 good 263 93 305 141 good 482 186 534 248 good 507 100 530 127 good 525 156 548 183 good 601 161 658 213 bad 701 88 751 133 bad
230.jpeg,397 641 1204 1472 good 1566 1248 2466 2248 good 2889 168 4099 1449 bad
218.jpg,241 295 345 370 good 622 150 656 197 good 635 66 726 144 bad 186 163 213 204 good
617.jpg,229 198 389 324 good 831 158 985 296 good
221.jpg,218 192 391 377 good
52.jpg,894 10 958 88 good 785 161 871 226 good 622 64 745 186 good 607 268 722 382 good 405 492 522 613 good
398.jpg,1458 596 1771 954 good 2154 782 2396 1144 good 2782 623 2951 833 bad
522.jpg,45 504 111 597 good 145 401 222 489 good 292 314 381 421 good 575 406 679 527 good 958 429 1060 540 good 1111 491 1185 578 good
639.jpg,507 303 872 664 good
286.jpg,116 94 167 139 good 328 130 404 177 bad 489 131 517 162 bad 696 118 719 142 good 742 117 809 162 bad 842 118 860 138 bad 875 104 928 146 bad 954 103 988 132 bad
257.jpg,358 345 760 781 good
426.jpg,729 199 764 249 good 576 248 616 286 good 438 215 482 255 good 312 236 354 283 good 144 213 184 272 good
223.jpg,14 363 185 569 good 397 261 435 304 good 500 261 543 315 good 679 207 720 251 good 161 284 181 305 good 557 253 575 274 good 617 251 638 277 good 809 237 834 255 good 881 240 919 277 good 1042 102 1262 333 good 928 209 946 234 bad 269 275 283 301 good
483.jpg,740 202 870 344 good 121 604 201 680 bad 297 632 375 680 bad
36.jpg,618 114 717 203 good 821 139 912 230 good 1328 267 1384 322 good 1445 272 1504 328 good 1067 286 1111 329 bad
502.jpg,257 174 370 321 good
280.jpeg,248 49 261 65 good 271 49 286 69 good 320 42 337 64 good 399 19 432 61 good 368 90 407 116 good 174 46 210 90 good 568 62 591 107 good 620 65 669 126 good 752 134 770 151 good 866 63 917 118 good 1098 71 1145 139 good
549.jpg,283 147 322 203 bad 164 68 239 140 good 434 113 506 189 good 561 119 598 197 good
285.jpg,576 145 660 232 good 122 335 181 386 bad 789 532 881 635 bad 1299 429 1360 508 bad 748 290 780 344 bad
430.jpg,869 693 994 932 good
434.jpg,414 240 446 270 good 612 278 641 304 good 685 282 718 310 bad 559 256 590 281 bad 512 235 540 260 bad 363 236 390 265 bad 278 231 310 260 bad 342 226 367 250 bad 144 227 177 258 none 213 227 240 258 none 188 322 213 349 none 477 244 510 273 none 49 256 66 273 good 665 267 683 283 bad
176.jpg,129 124 219 222 good 252 61 330 151 good 513 108 565 171 bad 566 131 640 212 good 502 248 587 333 bad 687 185 724 230 good 471 146 511 196 bad 431 125 472 164 bad
7.jpg,334 254 978 982 good
235.jpg,92 23 153 72 good 341 89 392 142 good 460 181 516 240 good 799 194 880 277 good
593.jpg,449 240 790 577 good
201.jpg,323 97 381 166 none 187 80 256 149 good
113.jpg,1 412 193 640 good 123 225 218 356 good 159 120 272 258 good 300 240 439 397 good 478 309 683 514 good 644 53 747 176 good 867 40 942 189 good 831 353 995 514 good
26.jpg,283 271 373 420 good 495 294 573 420 good 54 307 126 412 good
239.jpg,319 128 486 307 none
143.jpeg,127 236 197 288 bad 112 370 162 423 good 272 251 308 285 good 538 211 918 601 good 1161 163 1227 258 bad
638.jpg,204 236 255 315 bad 367 244 472 348 good 531 244 649 362 good 821 153 917 260 good
193.jpeg,52 289 184 433 good 554 182 695 344 good 804 324 946 473 bad 185 252 265 357 bad
439.jpg,444 599 696 873 good 840 483 1094 755 good 1435 427 1691 691 good
384.jpeg,63 395 154 503 good 108 698 231 853 good 281 490 363 597 good 340 314 393 380 good 422 268 471 333 good 613 357 669 430 good 685 260 737 328 good 842 345 889 399 good 962 383 1009 448 good 1084 451 1136 547 good 738 229 794 298 good
295.jpg,575 459 812 679 good 1218 309 1465 526 good
371.jpg,53 130 112 195 good 231 112 281 173 good 277 73 375 180 good 490 116 562 199 good 742 158 796 210 good 810 132 899 230 good 1092 108 1140 180 good
272.jpg,710 279 850 443 good 889 249 1083 467 good 1673 482 1752 575 bad 153 490 223 582 bad
646.jpg,679 489 766 585 none 972 289 1103 428 good
15.jpg,228 265 265 305 good 388 227 428 275 good 614 234 647 272 good 742 257 784 310 good
599.jpg,404 139 519 283 good 519 93 631 212 bad 41 391 109 527 bad 68 112 157 235 bad 858 191 933 295 bad 936 173 1058 286 bad
250.jpg,399 316 801 772 good
273.jpg,154 51 423 391 good
406.jpg,1 416 40 505 bad 267 321 358 436 bad 296 461 354 521 bad
419.jpg,680 52 738 119 good
660.jpg,136 133 152 153 good 218 136 238 162 bad 261 131 285 157 bad 295 150 327 183 good 364 119 399 164 good 386 140 400 166 bad 418 135 450 173 good 451 160 468 181 bad 468 157 497 190 good 570 163 604 198 good 734 132 746 170 bad
170.jpg,371 173 598 400 good
363.jpg,504 117 549 163 good 715 107 760 162 good 324 107 405 191 good 148 153 186 191 good 55 126 83 163 good
595.jpg,142 256 407 521 good
166.jpg,296 90 367 181 good
618.jpg,212 62 271 134 bad 415 81 494 156 none 235 229 329 303 bad 377 219 467 329 none 520 246 604 338 bad 840 252 906 333 bad 505 383 565 481 good
58.jpg,28 189 60 237 good 99 128 135 172 good 171 180 201 208 good 274 155 307 196 good 427 163 463 203 good 512 183 543 224 good 632 151 664 191 good 828 137 878 217 bad
392.jpg,318 110 387 187 good 437 177 490 239 good 273 228 344 284 good 622 172 654 209 good
395.jpg,448 108 735 478 good
493.jpg,325 434 528 667 good 1015 371 1161 567 good 1291 384 1485 611 good 1835 397 1971 557 bad
84.jpg,77 85 123 147 good 227 148 269 195 good 369 200 392 245 good 574 160 611 204 good 692 179 723 221 none
297.jpg,72 117 111 161 good 213 126 247 162 good 455 103 508 163 good 485 268 531 304 good 645 125 693 179 good 746 120 779 150 good 831 110 859 137 good 903 128 937 159 good
572.jpg,77 289 243 445 bad 500 286 702 476 good 1084 161 1254 348 good
279.jpg,13 231 109 326 bad 219 224 321 321 good 324 268 454 419 good 458 239 509 319 bad 534 285 652 399 good 685 258 800 365 bad
529.jpg,78 82 198 227 good 391 432 611 650 good
400.jpg,276 178 404 322 good
55.jpg,96 72 196 192 good 512 219 565 270 good 661 141 720 227 good 786 332 842 378 good 1009 405 1079 480 good
614.jpg,458 74 508 130 good 546 80 565 103 good 362 76 407 124 good 309 77 347 124 good 237 71 274 106 good 167 73 203 112 good 92 84 118 116 bad 60 99 89 131 bad
355.jpg,144 110 244 235 good
305.jpg,625 324 677 376 good 482 370 551 456 good
168.jpg,15 111 114 219 good 324 135 410 238 good
475.jpg,663 168 750 257 good 445 204 500 259 good 506 146 558 201 good 267 191 335 257 good
663.jpg,246 163 306 227 good 416 191 472 242 good 529 178 585 244 good 631 186 682 245 good 909 376 925 398 bad 967 345 982 368 bad
246.jpg,411 71 529 235 good 561 347 674 480 good 752 139 786 196 bad
37.jpg,568 109 845 424 bad
132.jpeg,48 119 88 154 good 146 107 186 145 good 215 159 237 180 good 274 143 319 176 good 422 71 470 123 good 540 86 588 146 good 633 149 660 179 none 699 94 756 157 good 946 54 1006 112 good
370.jpg,35 139 119 217 good 131 153 197 225 good 239 125 297 189 good 457 115 537 193 bad 607 105 675 177 bad 767 133 813 187 good 875 173 933 229 good 979 191 1037 249 good 1083 111 1157 191 good
316.jpg,111 167 193 261 bad 233 103 306 177 good 519 59 587 141 good 639 158 707 238 good
632.jpg,54 6 209 151 bad 59 615 204 801 good 577 456 745 620 good 682 42 854 229 good 100 874 236 1047 bad 4 1661 118 1924 good 163 1474 354 1711 good 313 1342 468 1561 none 600 901 750 1092 good 1254 201 1422 356 good 1227 451 1409 638 good 1282 765 1450 951 good 900 1765 1091 1992 good 1322 1429 1513 1615 good 1463 1561 1668 1788 good 1722 901 1868 1074 good 1768 447 1936 629 good 2027 424 2191 629 good 2263 92 2386 238 good 2450 606 2632 774 good 2541 1211 2709 1388 good
666.jpg,258 136 607 534 good
248.jpg,146 239 242 355 bad 785 287 931 433 good 1330 101 1422 207 bad
283.png,23 85 50 122 good 78 47 107 82 good 114 103 144 135 good 205 86 242 129 good 265 101 324 149 good 327 49 359 92 good 390 53 416 87 good 555 95 599 146 good 643 75 684 130 good 757 70 817 136 good 860 83 911 142 good 964 74 1005 112 good 984 244 1015 286 bad
227.jpg,119 134 230 234 good 369 153 478 268 none
665.jpg,513 98 612 211 good
379.jpeg,1253 250 1351 367 good 735 167 851 285 good 1100 260 1182 362 good 1023 326 1105 380 good 353 347 469 462 good 530 355 615 450 good 1458 392 1478 411 good
335.jpg,312 159 443 310 good
125.jpg,100 110 209 231 good 461 147 644 327 good 774 124 916 273 good
554.jpeg,222 151 397 381 none
381.jpg,309 167 477 333 good 534 135 625 307 good
256.jpg,48 178 103 243 good 26 70 70 122 good 75 17 115 71 good 134 153 180 215 good 96 123 135 172 good 211 178 253 249 good 157 313 223 358 good 259 287 336 358 good 268 98 318 160 good 217 61 260 114 good 359 111 400 162 good 374 252 431 310 good 416 179 460 242 good 398 88 444 147 good 442 22 480 70 good 357 17 390 52 bad 513 124 554 176 good 531 208 593 281 good 577 206 617 262 good 648 131 696 198 good 623 46 666 100 good 639 5 676 37 good 568 106 615 156 good 662 280 695 358 good
181.jpg,80 60 147 135 good 405 99 452 134 good 686 134 728 177 good 733 101 767 146 good
354.jpg,435 113 612 326 good
657.jpg,166 131 408 435 good 707 61 814 172 bad
39.jpeg,648 127 817 314 good 371 157 561 389 good 80 133 251 312 good
298.jpg,399 321 477 453 good 628 230 699 325 good 719 176 790 266 good 818 117 876 188 good 544 80 600 149 good 258 105 328 195 good 73 196 145 293 good 65 452 145 594 good 57 76 115 147 good
336.jpg,62 138 109 183 good 175 62 209 96 good 239 172 283 214 good 362 46 395 75 good 403 79 445 122 good 503 213 557 273 good 447 38 484 75 good 514 45 548 80 good 611 158 656 205 good 603 123 639 161 good 417 41 444 63 bad 594 56 619 84 bad 601 16 626 39 good 664 78 697 107 good 631 4 655 29 bad 699 36 725 68 none 750 23 781 56 good 780 29 791 53 good 734 24 753 48 bad 887 26 916 53 bad 960 53 992 84 good
506.jpg,318 148 368 247 good 428 149 503 226 good 690 183 737 285 good
342.jpg,45 101 111 162 good 187 56 239 103 good 311 87 362 130 good 402 83 466 144 good 568 55 611 101 good 653 73 689 117 good 732 73 775 110 good 789 60 830 106 good 896 80 955 140 good 980 74 1029 123 good
88.jpg,534 591 677 751 good 2041 391 2484 884 good
290.jpg,216 96 300 182 good 460 204 512 266 bad 585 214 634 266 bad
179.jpg,388 155 610 375 good
605.jpg,381 1876 542 2022 bad 33 1381 174 1518 bad 460 1395 595 1536 bad 93 1167 211 1292 bad 500 1073 651 1211 bad 139 873 265 1001 bad 511 901 633 988 bad 649 771 768 881 bad 170 564 284 676 bad 296 473 388 560 bad 677 494 800 617 bad 360 199 472 301 bad 672 225 788 343 bad 744 92 851 192 bad 1354 222 1416 311 bad 1612 187 1684 281 good 1770 162 1849 253 good 1540 260 1640 355 bad 1556 385 1649 480 bad 1481 601 1584 690 good 1623 701 1695 803 bad 1549 811 1626 913 bad 1542 992 1651 1106 bad 1447 1190 1579 1306 bad 1577 1359 1691 1455 bad 1605 1755 1725 1839 bad 1649 1925 1795 2066 bad 1589 1911 1644 2011 bad 1775 899 1884 1006 good 1874 976 1998 1106 bad 1907 781 2025 894 bad 1826 774 1914 876 bad 1809 404 1870 488 bad 1861 443 1961 546 bad 1988 185 2081 285 bad 2009 488 2111 587 bad 2184 474 2270 559 bad 2175 692 2293 799 bad 2105 1085 2207 1167 bad 1919 1376 2016 1497 bad 2032 1480 2158 1608 bad 2191 1476 2309 1599 bad 2214 1115 2332 1241 bad 2184 1953 2286 2083 bad 2114 287 2211 373 bad 2268 227 2335 308 bad 2226 120 2311 187 bad 2463 174 2539 248 bad 2370 248 2458 315 bad 2467 334 2567 415 bad 2412 545 2530 639 bad 2530 497 2574 595 bad 2393 757 2509 846 bad 2498 848 2614 959 bad 2614 874 2672 964 bad 2540 1083 2658 1192 bad 2507 1387 2637 1481 bad 2628 1664 2754 1780 bad 2709 1839 2789 1913 bad 2747 2017 2868 2136 bad 2628 187 2688 248 bad
68.jpeg,143 76 273 204 good 260 172 337 249 good 413 157 517 277 good 758 109 834 242 good 945 153 1035 245 good
46.jpg,324 169 449 355 good 520 440 584 521 good 576 453 617 521 good 816 432 925 553 good 1100 404 1203 521 good
60.jpg,16 191 92 265 good 124 92 183 147 good 196 39 249 93 good 307 180 388 260 good 424 153 512 242 good
95.jpg,430 115 483 173 good 94 123 145 178 good
628.jpg,290 347 731 853 good
85.jpg,20 54 65 105 good 50 99 122 167 good 188 107 225 141 good 207 59 241 87 good 220 81 250 118 good 244 63 303 118 good 330 73 365 107 good 320 31 344 55 bad 367 57 391 82 bad 398 74 434 114 good 426 125 483 177 good 440 69 468 96 good 427 29 454 54 good
514.jpg,31 1 98 36 good 357 19 422 82 good 277 106 340 174 good 482 24 534 82 bad 377 110 454 198 good 5 446 148 697 good 687 141 731 200 bad 628 181 696 250 bad 549 295 636 391 good 792 74 859 154 good 965 127 1019 197 good 892 350 978 432 good 1086 257 1155 322 good
107.jpg,432 259 530 400 good
635.jpg,166 721 434 1001 good
306.jpg,305 310 470 496 good 678 233 826 386 good
465.jpg,106 149 148 192 good 271 118 314 164 good 492 155 530 191 good 690 219 727 266 good 915 184 950 225 none 998 215 1036 261 good
209.jpeg,68 351 147 433 bad 334 272 475 455 good 464 374 579 506 good
511.jpg,454 148 632 361 good
637.jpg,68 501 130 539 good 357 232 436 315 good 494 242 572 313 good
519.jpg,128 193 364 414 none
414.jpg,391 269 609 518 good
146.jpg,174 106 267 176 good 393 120 454 188 good 609 85 670 176 good 851 78 935 165 none
267.jpg,138 93 199 162 good 499 189 522 216 good 684 299 725 335 good 792 151 843 205 good 581 152 595 170 good 597 165 608 179 good
332.jpg,2 480 69 564 good 104 447 176 521 good 269 445 345 523 good 424 421 492 488 good 520 435 594 523 good 737 458 810 539 good 784 409 829 500 good 961 443 1002 494 good 1067 303 1147 403 good 1345 331 1439 425 good 1573 364 1600 443 good 1445 358 1520 441 good 994 437 1049 515 bad 612 486 682 564 bad 378 456 453 545 bad
508.jpg,316 281 470 442 good 695 297 818 415 good
289.jpeg,56 106 147 204 good 192 48 279 151 good 345 100 405 177 good 471 177 529 243 good 804 190 835 242 good
153.jpg,253 107 377 249 good 465 147 516 209 good 541 4 640 231 bad
266.jpg,836 39 902 119 good 496 93 562 160 good 38 170 95 228 good 247 143 304 203 good 222 274 279 360 good 678 122 731 180 bad 274 259 338 327 bad
601.jpg,80 86 111 117 good 158 32 181 59 good 355 47 386 83 good 591 24 627 67 good
104.jpg,1 104 42 159 bad 207 87 267 143 good 375 46 455 126 bad 242 243 424 407 good 721 178 877 318 good 623 32 669 74 bad
337.jpg,467 539 974 1143 good 1160 657 1639 1167 good
552.jpeg,350 364 708 655 good 893 285 1080 558 bad 226 452 365 582 bad 47 337 155 441 good
548.jpg,309 230 419 371 good 527 295 624 404 good
461.jpg,457 187 626 346 good 740 357 923 518 good 1223 165 1385 332 good 275 253 355 323 bad
505.jpg,335 214 479 370 good 747 396 885 541 good
390.jpg,195 95 309 213 good 365 237 517 413 good 767 87 901 257 good
205.jpg,336 139 401 248 good 37 174 118 264 good 139 118 206 203 good 368 241 432 326 good 424 167 483 243 good 567 120 665 208 good 226 153 264 220 good 606 220 709 344 none 744 202 816 292 bad 949 159 1001 228 bad 990 149 1024 235 bad
408.jpg,351 198 421 279 good 366 370 410 417 good 575 64 681 187 good
119.jpg,9 170 60 229 good 165 90 202 124 good 175 175 244 260 good 303 127 360 191 good 340 66 380 111 none 379 63 408 98 good 433 61 471 105 good 477 78 536 133 good 569 37 592 67 good 367 192 437 259 good 221 57 248 81 bad
51.jpg,254 100 387 260 good
307.jpeg,576 126 672 236 good
569.jpg,91 414 208 534 bad 13 292 116 370 bad 4 192 85 247 good 96 161 185 255 good 188 171 229 218 good 228 184 322 281 bad 289 328 402 436 good 400 324 486 405 good 521 295 654 424 good 476 208 518 290 good 326 167 391 242 bad 418 140 488 210 none 552 126 614 190 bad 184 76 238 132 bad 157 92 192 139 good 102 57 143 99 good 1 84 59 150 good 55 91 92 133 none 182 11 209 38 good 233 54 255 80 good 242 83 285 130 good 390 151 430 209 good 361 104 399 139 good 316 76 353 109 good 355 72 398 104 good 320 16 346 47 good 287 23 298 45 good 384 32 407 58 good 397 52 427 78 good 460 49 498 90 bad 491 91 533 143 good 484 133 525 181 good 510 14 523 43 good 567 22 589 45 good 623 8 650 38 good 633 74 677 117 none 613 126 639 179 bad 649 183 711 241 good 673 82 701 122 good 688 22 709 47 bad 667 273 695 316 good 707 277 789 374 good 755 366 878 505 good 818 126 878 190 good 943 152 968 208 bad 878 119 912 176 good 714 181 766 223 good 772 96 821 143 good 758 39 803 88 good 812 27 842 73 none 902 55 922 89 good
443.jpeg,373 195 580 406 good
97.jpeg,1453 980 1817 1323 good
592.jpg,135 486 414 723 good 370 193 533 384 good 626 312 872 572 good 1258 342 1642 739 good 1616 44 1770 205 good
487.jpeg,5 110 82 202 good 206 210 280 293 good 379 260 453 339 good 545 230 608 317 good 669 233 742 302 good 789 238 855 304 good 860 230 892 278 good 898 230 953 289 bad 471 184 540 244 bad 624 205 666 273 bad
254.jpeg,818 82 874 142 good 914 174 958 229 none 622 108 668 156 good 693 177 727 215 good 71 116 113 166 good 92 156 147 218 none 445 98 510 165 none 169 166 224 226 bad 1 113 43 156 bad 340 142 387 189 bad 585 127 621 166 bad 703 82 750 126 bad 221 134 256 177 bad
57.jpg,257 185 275 210 bad 314 170 366 212 good 455 163 472 184 bad 426 290 468 328 good 575 153 614 194 good 668 166 710 210 good 721 190 756 234 bad 845 49 927 142 good
517.jpg,365 736 1336 1840 good
304.jpg,67 158 108 208 good 138 178 178 230 good 256 143 298 193 good 378 220 420 268 good 396 148 437 184 good 531 116 570 167 good 644 156 668 208 good 693 170 730 225 good 819 172 858 214 good 884 187 921 231 good
476.jpg,156 297 426 568 good 446 325 660 547 good 660 228 863 460 good
403.jpg,869 737 1051 914 good 1200 496 1387 703 good 1472 537 1580 783 good 1476 188 1579 324 good 976 465 1123 634 good 564 319 743 511 good 366 288 497 434 good 225 421 364 560 good 82 378 179 483 good
368.jpg,162 309 390 553 good 723 262 925 516 none 907 142 1105 370 none
661.jpeg,395 2 633 147 good
32.jpg,274 273 380 395 good 572 106 649 213 good 1 220 59 296 none 514 347 574 402 none 447 98 517 173 none 45 177 88 239 bad 532 141 579 218 bad
442.jpg,10 750 252 1164 good 805 43 886 133 bad 584 34 700 129 good 52 1 160 56 good 461 181 569 292 good 624 184 760 321 good 1134 235 1216 331 bad 1040 303 1160 418 bad 1318 131 1431 260 good 1603 213 1697 323 good 1468 581 1635 724 good 1802 427 1924 540 good 922 492 1059 645 good
48.jpg,248 122 279 155 good 296 42 339 81 good 731 75 809 154 good 986 289 1058 354 good
458.jpg,72 263 142 328 good 281 204 374 318 bad 485 263 583 400 good 651 237 729 326 good 759 144 872 268 good 1000 209 1065 290 good 1079 133 1185 248 good 1240 252 1331 350 good
276.jpg,550 169 640 291 good
472.jpg,57 334 174 455 good 152 501 280 641 good 297 294 367 369 good 224 311 276 357 good 296 215 346 269 good 415 232 462 297 good 385 225 415 257 good 466 308 539 392 good 617 231 688 315 good 785 210 838 276 good 750 371 848 469 good 825 550 978 692 good 913 239 955 290 good 973 294 1025 341 good 964 424 1050 574 good 699 269 743 318 good 981 231 1020 264 good
258.jpg,57 188 126 256 good 191 268 231 307 none 298 238 339 278 good 468 220 532 287 good 579 197 613 250 good 767 136 873 258 good 871 169 917 220 good 1104 169 1157 221 good
580.jpg,108 145 185 228 bad 185 233 259 297 bad 188 331 268 416 bad 259 128 331 210 bad 353 290 442 391 bad 476 299 582 422 good 608 150 674 233 bad 671 365 766 463 bad 695 269 774 350 bad 997 342 1092 458 good 1104 185 1168 260 bad 789 63 852 129 bad 1017 103 1067 152 bad 539 142 605 204 bad
591.jpg,222 142 367 296 good
622.jpg,774 383 972 582 good
5.jpg,221 183 296 262 good 320 182 394 261 good 867 136 976 253 bad
109.jpeg,241 51 273 83 good 157 257 195 298 good 255 379 303 425 bad 230 489 286 544 good 337 499 370 551 good 9 641 58 697 good 116 622 167 665 good 234 634 290 686 good 198 764 253 820 bad 122 958 175 1002 good 297 851 343 906 bad 705 9 741 44 good 683 59 726 102 good 618 111 649 148 good 585 149 615 187 good 510 188 550 226 good 471 316 505 349 good 408 330 443 364 bad 425 375 464 414 good 511 384 553 424 bad 507 535 548 583 good 551 607 586 648 bad 550 752 606 811 none 493 820 552 880 good 616 1046 682 1114 good 453 1279 529 1357 good 896 11 918 39 good 820 62 850 98 good 768 80 802 113 good 789 147 816 180 bad 843 125 880 170 good 631 271 669 309 good 778 265 813 305 good 671 314 711 356 bad 584 357 618 396 bad 713 386 757 431 good 661 495 707 534 good 884 431 928 479 good 816 496 865 536 good 692 615 731 666 good 839 575 886 629 good 726 838 777 896 good 734 943 785 1002 good 790 958 848 1019 good 788 1264 860 1339 good 905 1075 939 1125 good 913 790 966 846 good 883 742 934 783 good 939 81 965 110 good 1077 32 1102 62 good 1005 100 1030 116 good 1062 131 1095 166 good 1130 70 1163 106 good 976 176 1009 215 good 1054 266 1074 292 good 993 317 1034 351 good 1103 396 1141 439 good 949 484 989 533 good 1093 465 1132 505 good 1053 498 1098 553 good 972 611 1011 658 good 1243 1 1273 29 good 1264 105 1297 141 good 1320 82 1348 114 good 1375 107 1397 137 good 1390 113 1419 148 good 1340 177 1366 209 bad 1453 134 1484 170 good 1459 181 1489 216 bad 1402 265 1437 302 good 1273 220 1307 250 bad 1228 241 1266 284 none 1252 399 1289 434 good 1184 527 1233 570 good 1319 518 1359 557 good 1165 708 1220 751 good 1175 1027 1240 1089 good 1061 1174 1130 1245 good 1261 1120 1327 1184 good 1516 1 1548 30 good 1625 88 1655 125 good 1663 114 1691 144 bad 1629 184 1654 216 good 1636 221 1671 256 good 1528 314 1568 358 good 1620 405 1657 448 good 1371 569 1414 618 good 1441 539 1484 584 good 1411 620 1461 668 good 1432 720 1475 777 good 1370 742 1425 802 good 1479 1238 1548 1312 good 1766 1329 1844 1388 good 1893 1345 1968 1388 good 1783 1092 1848 1152 good 1855 1056 1912 1128 good 1859 811 1916 872 good 1862 717 1916 769 good 1979 656 2000 706 good 1775 652 1815 679 good 1807 584 1852 631 good 1742 498 1786 546 good 1830 423 1869 471 good 1722 425 1764 470 good 1683 370 1720 415 good 1803 367 1830 399 good 1691 291 1729 330 good 1724 215 1757 252 good 1911 237 1933 273 good 1948 131 1980 165 good 1775 85 1807 119 good 1725 43 1752 77 good 1845 60 1875 87 good 1903 29 1927 57 bad 1975 86 2000 114 bad
560.jpeg,739 114 957 344 good 1513 208 1566 293 good 462 337 636 493 good
509.jpg,206 479 224 504 bad 377 434 397 463 bad 545 433 561 463 bad 640 437 666 472 bad 744 433 773 464 bad 819 450 842 481 bad 986 432 1015 463 bad
377.jpg,72 364 243 547 none 468 499 637 672 good 642 608 734 747 good 775 613 934 786 good 986 580 1105 715 good 794 344 881 447 good 878 315 965 408 good 620 286 681 360 good 682 242 754 315 good 741 157 789 214 good 848 143 895 193 good 661 147 709 199 good 723 115 761 151 good 806 103 851 142 good 925 97 969 130 good 1155 100 1187 126 good
314.jpg,75 146 123 189 good 262 167 298 210 good 426 134 519 242 none 789 157 842 214 good 946 137 1002 192 good 614 141 649 196 good
145.jpeg,236 81 321 181 good 381 152 416 191 good 348 250 406 311 good 417 248 473 302 good 388 361 466 432 good 573 287 653 358 none 451 172 476 196 bad 309 166 343 205 bad 63 113 98 177 bad 769 154 800 185 bad
404.jpg,426 171 597 358 none
360.png,293 153 361 212 good
387.jpg,382 57 447 127 good 100 127 139 169 good 105 182 142 221 bad 200 118 260 169 bad
228.jpg,121 83 206 181 good 403 219 465 276 good 519 129 582 209 good 762 85 832 163 good 95 511 141 582 good
245.jpg,19 825 168 993 good 136 617 205 702 good 220 576 266 637 good 368 625 437 693 good 453 527 503 590 good 329 515 369 559 good 478 688 693 946 good 802 576 846 624 good 571 525 614 564 good 866 658 946 739 good 1051 619 1168 749 good 992 580 1019 627 good 898 578 932 607 good 1169 520 1222 569 good 1412 588 1463 627 good 1510 656 1556 707 good 1641 639 1736 741 good 1807 593 1847 642 good 2005 668 2048 765 good 1342 556 1366 580 good 1422 517 1449 544 good 1480 546 1508 571 good 1571 593 1612 641 good 1949 576 1990 627 good 2003 558 2025 586 good
63.jpg,214 199 278 277 good 336 177 364 198 good 42 149 92 211 good 436 191 475 239 good 559 182 590 226 good 771 177 911 280 good 365 169 383 189 good 730 160 752 182 good
301.jpg,62 192 274 402 good 421 231 553 376 good 768 210 901 354 good
624.jpg,72 353 164 451 good 249 419 348 528 good 501 290 630 426 good 806 424 871 495 good 930 257 1096 403 bad
75.jpg,907 302 1033 384 good 740 214 824 314 good 665 210 750 301 good 585 182 666 267 good 466 188 540 269 good 435 178 477 254 good 396 191 437 258 good 320 121 383 191 good 270 160 331 223 good 118 182 157 226 good 6 154 51 206 good
581.jpg,267 153 318 206 good 649 76 712 137 good
520.jpg,66 146 102 187 good 154 147 196 195 good 213 121 243 149 bad 239 87 279 127 bad 339 110 386 156 bad 488 130 540 192 good 536 103 559 143 none 589 99 633 145 bad 652 90 696 138 none 813 66 871 134 good 754 70 781 102 good 722 119 749 148 good 45 97 76 132 bad
435.jpg,137 156 190 241 good 437 90 527 180 good 969 141 1051 233 good
255.jpg,209 184 265 233 good 383 197 422 240 good 436 199 498 261 good 463 257 528 328 good 560 209 598 246 good 632 194 681 242 good 691 196 759 262 good 746 158 789 208 good 991 184 1024 233 good
33.jpg,247 242 335 338 good 397 218 417 242 good
136.jpeg,307 226 436 386 good
524.jpg,11 727 108 828 good 134 643 228 740 good 205 588 278 672 none 105 390 169 453 bad 93 273 149 351 good 11 249 63 314 good 82 6 152 76 bad 390 29 467 102 good 335 206 412 269 good 347 398 414 478 good 488 771 590 863 good 700 623 793 694 good 763 682 866 772 good 675 339 758 419 good 651 206 741 282 good 665 99 747 164 good 888 398 958 470 good 913 200 989 280 good 1035 195 1118 278 good 1294 534 1394 600 good 1242 269 1330 342 good 1151 146 1218 210 good 1149 51 1214 107 good
102.jpg,608 411 730 548 good 737 336 869 478 good 913 293 972 369 good 795 157 861 219 good 914 136 948 186 good 647 225 726 306 good 610 117 653 172 good 527 288 600 370 good 332 288 405 377 good 479 236 539 293 good 221 278 282 333 good 82 341 155 427 good 24 249 79 307 good 211 136 268 188 good 332 96 384 151 good 464 138 493 180 good 516 165 550 209 good 114 99 171 153 good
634.jpg,427 224 595 399 good
449.jpg,330 173 528 390 good
556.jpg,646 295 874 536 good 389 244 567 444 good 307 343 442 495 good 300 167 344 229 bad
67.jpg,823 329 949 454 good 902 202 1048 328 good
53.jpg,118 237 433 554 good 649 703 984 1052 good
111.jpg,631 90 723 173 good 880 70 968 162 good 772 293 844 389 good 1065 446 1154 538 good
369.jpg,263 268 370 388 good 365 271 468 381 good 573 261 610 346 good 790 303 905 423 good 963 301 1070 408 good 1200 288 1315 398 good 1475 303 1580 423 good 1600 346 1703 456 good 1795 178 1860 298 good
25.jpg,241 86 328 166 none
668.jpeg,484 253 574 347 good 630 288 710 373 bad
654.jpg,246 189 346 324 good 493 256 598 373 good 663 268 781 386 good 854 270 938 368 bad
437.jpeg,186 164 438 510 none
69.jpg,1 112 116 343 good 131 105 323 340 good 443 127 605 336 good 662 80 818 287 good 824 138 963 322 good 978 176 1100 360 good
251.jpg,716 978 1791 2213 good
401.jpg,92 184 468 615 good 524 284 837 635 good
191.jpg,107 123 228 232 good 373 161 494 295 good
501.jpg,309 87 366 143 good 608 52 661 109 good 929 126 982 181 good 1171 112 1214 183 good
192.jpg,296 562 571 862 bad 920 484 1100 687 good 1096 522 1238 662 good 1387 447 1547 622 good 764 991 1060 1284 good 1136 1242 1553 1687 good 1629 513 1738 642 good 1709 591 1851 749 good 1967 684 2180 971 good 2278 504 2420 707 good 2704 1016 3073 1396 good 3436 2062 4129 2733 good 3182 657 3436 910 good
138.jpg,276 131 342 197 good 533 118 598 172 good 643 152 683 199 good 703 123 760 188 good 754 166 788 203 good
543.jpg,242 133 283 175 good 449 188 485 228 good 701 166 742 216 good
448.jpeg,194 402 304 530 good 1 405 56 547 bad
528.jpg,222 524 449 757 good
277.jpg,393 178 684 494 good
598.jpg,121 549 222 630 good 314 495 397 584 good 497 744 602 841 good 416 482 484 552 good 484 370 544 433 good 362 327 410 379 none 206 390 257 455 good 200 327 233 370 good 286 289 319 325 good 630 411 724 497 good 735 343 794 411 good 1046 392 1163 497 good 1313 471 1367 552 good 883 311 916 376 good 778 222 830 279 good 646 198 687 244 good 433 224 467 273 good 119 298 151 354 good 92 251 121 293 good 197 214 240 266 good 310 190 340 222 good
65.jpg,114 373 137 407 good 351 309 374 336 none 549 265 575 303 good 710 331 737 367 good 840 296 873 333 good
204.jpg,226 205 281 282 good 324 156 402 233 good 402 146 453 207 good 488 127 561 210 good 646 197 722 273 good 832 153 881 205 good 89 161 129 203 good
311.jpg,80 89 226 246 good 616 143 668 196 good 861 119 941 204 good 476 157 511 238 good
339.jpg,435 315 469 368 good 575 223 614 284 good 727 365 767 422 good
405.jpg,563 209 758 415 good
551.jpeg,215 328 348 460 good 522 379 641 521 good 783 305 945 476 good 1164 460 1280 608 good 1451 399 1625 621 bad 1677 318 1780 502 good
282.jpeg,755 336 890 491 good 1155 311 1305 466 good 2345 156 2500 321 good 2710 242 2735 287 good 2107 242 2120 264 bad 1864 259 1883 280 good 1582 285 1596 304 good 1652 278 1666 292 good 1664 276 1677 294 good 1727 267 1742 281 good 1758 275 1772 289 good
393.jpg,1 120 140 333 good 220 142 347 308 good 630 225 752 381 good 1301 213 1423 354 good 801 417 881 486 good 1125 495 1198 569 good 1215 495 1294 584 good 940 513 1015 583 good 881 466 953 543 good
6.jpg,151 391 241 477 good 287 389 377 473 good 589 377 655 449 good 843 409 915 471 good 943 389 995 439 good 1161 341 1200 393 good
308.jpg,233 102 313 179 good 454 5 524 79 good 334 234 413 329 good 542 91 634 189 good 625 1 680 56 good 780 24 838 84 good 1297 104 1554 398 good
494.png,516 222 738 440 good
590.jpg,702 277 901 489 good
54.jpg,1 263 104 373 good 74 183 176 291 good 301 151 416 243 bad 514 146 591 218 good 614 133 726 208 good 601 256 719 356 good 201 256 376 423 good 779 253 909 368 good 1236 306 1374 448 good 1024 178 1131 276 bad
407.jpg,678 209 794 331 good
252.jpg,272 95 340 181 good 437 135 530 237 good
579.jpg,127 322 321 522 good 229 158 487 418 good 833 274 941 410 good 1141 290 1175 332 good
50.jpg,63 129 113 186 good 153 163 202 216 good 338 145 398 206 good 403 141 448 192 good 444 273 503 334 good 486 142 518 181 good 539 131 569 181 good 566 135 610 191 good 623 159 663 207 good 661 177 705 233 good 721 185 780 251 good 786 127 823 173 good 826 134 872 169 bad 903 112 950 161 good 961 123 1012 177 good 367 117 406 156 good 295 118 334 154 good
645.jpg,278 92 367 186 good 461 158 533 256 good 740 189 793 264 good 377 181 418 228 bad
491.jpeg,358 183 546 387 good 156 204 204 254 good 646 191 713 256 good 895 1 1183 263 good
470.jpg,216 92 280 153 good 321 271 373 323 good 530 133 587 187 good 1070 129 1120 179 good 806 150 850 190 good 711 137 751 172 good 661 162 696 196 good 78 134 111 165 good 334 101 365 135 good 396 129 418 155 good 455 135 478 157 good 1156 146 1178 168 good
462.jpg,442 45 494 100 good 408 77 449 133 good 188 60 267 139 good 270 53 308 125 good 85 117 158 189 good 16 140 81 183 good
133.jpg,435 137 542 266 good
577.jpg,12 334 181 515 good 212 294 315 401 good 270 183 335 245 bad 369 248 454 332 good 460 167 495 233 bad 494 178 603 299 good 601 187 688 289 good 652 54 696 101 bad 841 99 889 142 good 893 75 946 132 good 716 153 764 202 good 747 196 819 277 good 927 210 994 286 good 688 467 821 563 good 426 42 459 73 good 581 56 613 97 bad 763 15 794 42 bad
451.jpg,50 233 101 286 good 200 194 264 271 bad 340 240 415 336 good 456 216 520 279 good 540 149 623 239 good 715 202 750 249 good 769 143 844 226 good 886 223 949 291 good
90.jpg,276 381 582 689 good 784 149 1014 411 good 1011 357 1274 654 good 1301 306 1449 484 good
574.jpg,587 179 782 385 good
139.jpg,101 350 278 557 good 136 144 282 285 good 482 198 629 357 good 793 122 914 250 good 464 80 565 152 bad
538.jpg,233 221 243 229 good 45 229 65 245 bad 290 217 309 235 bad 354 174 409 230 good 480 225 529 272 good 648 246 684 280 good 572 228 592 247 bad 940 239 960 255 good
570.jpg,452 228 505 310 good 179 238 207 267 good
633.jpg,329 164 488 350 none
70.jpeg,161 85 241 161 bad 566 100 695 213 good 638 405 712 517 bad
348.jpg,101 226 461 643 none
213.jpg,791 225 1130 594 good
425.jpg,300 100 441 210 good 266 387 425 523 good
177.jpg,358 127 442 213 good 169 129 235 205 bad 268 71 307 127 bad 51 82 117 169 none 679 63 767 168 none
229.png,85 117 162 207 good 288 147 348 213 good 608 175 675 247 good
123.jpg,72 179 131 247 good 174 223 228 285 good 390 199 456 275 good 462 193 511 249 good 511 346 574 412 good 613 186 650 240 good 646 189 701 251 good 711 216 760 270 good 754 236 807 297 good 822 246 889 316 good 898 178 942 230 good 947 182 992 227 bad 1034 160 1084 220 good 1097 172 1156 240 good 338 165 379 214 good 550 197 592 242 good 418 167 463 213 good 993 186 1023 222 good
375.jpg,16 146 50 195 good 90 132 137 182 good 241 331 276 366 good 286 224 324 268 good 331 187 367 222 good 397 212 439 248 good 450 213 483 245 good 555 194 588 231 good 621 202 655 239 good 706 168 740 203 good 202 168 239 212 bad 299 185 328 212 bad 517 200 548 238 bad 376 189 412 227 bad
559.jpeg,334 72 543 306 good
118.jpg,1 253 112 411 good 266 245 429 402 good 635 393 768 531 good
471.jpg,215 200 330 312 none
190.jpeg,15 141 177 325 good 730 173 890 355 good 879 200 1022 349 good
198.jpg,304 310 470 489 good 677 230 828 389 good
12.jpg,268 123 317 176 good 613 99 677 161 good 1005 153 1060 216 good
16.jpg,593 326 877 601 good
516.jpg,211 167 494 467 good
557.jpg,393 165 749 523 good
567.jpg,104 284 164 376 good 594 246 659 319 good 651 124 694 196 good 756 146 814 226 good 879 151 931 211 bad 931 159 994 241 none 1106 144 1166 206 good 1241 191 1294 256 good 1404 179 1451 234 good 1446 169 1496 241 none
619.jpg,47 561 152 694 good 460 456 590 602 good 711 313 993 591 good 1289 378 1433 567 good 344 488 428 586 good 60 456 149 554 bad 993 486 1052 562 good 1418 467 1476 569 good
389.jpg,235 109 310 190 good
86.jpg,319 69 413 133 bad 70 124 176 224 good 42 285 198 458 good 334 166 458 297 good 551 149 824 409 good 898 119 960 277 good
386.jpg,168 101 238 186 good 251 87 313 151 good 413 110 478 180 good
194.jpg,48 471 97 523 good 153 471 200 523 good 243 490 288 540 good 377 516 432 567 good 612 439 661 484 good 741 488 785 518 good 509 374 556 420 good 662 287 700 324 good 771 323 798 361 good 562 287 591 319 good 413 387 458 430 good 306 368 349 409 good 169 331 193 377 good 130 322 174 370 good 77 322 118 366 good 1 305 21 349 good 1 223 33 250 good 87 217 123 254 good 195 242 227 276 good 258 236 294 271 good 356 271 397 308 good 438 280 477 316 good 756 195 790 232 good 641 174 664 210 good 563 165 595 204 good 503 169 539 198 good 415 133 447 170 good 374 137 401 174 good 286 112 313 148 good 221 124 248 156 good 132 108 157 139 good 54 103 85 141 good 1 99 31 133 good 3 45 27 73 good 85 50 103 78 good 153 70 180 101 good 256 72 279 105 good 377 56 399 89 good 446 74 474 110 good 543 91 572 127 good 616 77 647 116 good 707 100 736 134 good 779 109 800 145 good 641 23 666 52 good 579 27 608 58 good 501 22 527 55 good 469 1 489 25 good 399 22 426 49 good 345 25 372 49 good 291 15 318 43 good 220 6 250 34 good 131 21 151 44 good 80 1 99 29 good
76.jpg,31 188 89 241 good 198 172 246 219 good 298 174 341 226 good 465 164 515 213 good 526 160 563 203 good 568 153 603 202 good 607 117 647 149 good 591 197 637 243 good 658 242 726 310 good 781 135 833 194 bad 794 250 868 335 good 949 120 994 168 good 930 243 993 297 good 1053 302 1150 408 good 1017 302 1059 362 bad
142.jpeg,158 256 217 314 good 306 150 347 199 good 677 179 733 245 good 1131 134 1190 213 good
561.jpeg,178 133 211 172 good 350 110 384 148 good 536 156 568 196 good 671 147 701 196 good
468.jpg,100 97 149 148 good 443 64 526 148 good 484 298 554 349 good 717 97 787 172 good 857 89 905 123 good 982 74 1020 113 good
14.jpg,60 61 119 132 good 284 95 324 141 good 369 98 435 170 good 498 56 551 116 good 670 153 697 179 good 796 134 815 157 good 826 116 861 154 good 858 79 905 125 good 904 64 968 127 good
367.jpg,114 231 166 283 good 350 224 398 279 good 457 315 491 350 good 541 286 576 323 good 633 191 682 245 good
352.jpg,409 144 575 317 good
315.jpg,24 47 115 143 good 168 58 275 160 good 188 245 298 354 good 85 494 185 594 good 349 273 460 392 good 330 543 432 628 good 607 379 720 507 good 628 592 732 709 good 720 356 817 462 good 890 501 990 618 good 1032 175 1134 286 good 1205 88 1279 175 good 1194 252 1280 359 good 1022 392 1122 507 good 1151 454 1268 571 good 988 611 1099 720 good
66.jpg,68 206 317 479 good 485 264 706 496 good
460.jpg,219 234 361 397 good
157.jpg,200 128 476 399 good
281.jpg,538 276 648 379 good
620.jpg,87 194 155 274 good 206 241 274 315 good 475 223 545 304 good 413 181 455 234 good 513 185 555 226 good 555 217 617 275 good 611 198 638 247 good 623 381 691 458 good 668 215 713 266 good 738 206 781 264 good 777 211 840 281 good 857 238 913 302 good 906 253 974 332 good 989 270 1068 357 good 1015 157 1057 219 good 1077 196 1138 260 good 1138 202 1194 253 bad 1242 179 1302 241 good 1319 190 1387 262 good 1194 204 1228 245 good
358.jpg,249 444 343 555 good 574 495 658 581 good 975 604 1043 676 good 1200 395 1279 501 good
340.jpg,215 150 275 206 good 281 97 361 173 good 397 152 468 229 good 343 313 409 386 good 472 90 522 154 good 540 73 591 134 good 476 423 544 493 good 739 88 820 175 good 920 1 999 75 good 997 18 1060 104 good
78.jpg,225 177 374 336 good 764 124 941 289 good
188.jpg,713 393 964 683 good
185.jpg,469 116 589 246 good 831 70 915 168 good
264.jpg,341 698 619 967 bad 1110 450 1458 841 good 2045 215 2597 841 bad
232.jpg,205 225 317 359 good 427 195 488 280 bad 537 110 620 216 bad 1160 165 1234 238 good 1073 248 1141 304 good
231.jpg,21 274 109 361 good 29 420 125 506 good 169 296 299 451 good 334 354 411 436 good 706 121 816 241 good 1159 241 1316 411 good 1329 410 1399 491 good 1016 419 1094 481 good 1116 406 1166 461 good 341 267 419 340 good 1364 343 1421 399 good 1395 449 1440 512 good 812 209 860 298 good
413.jpg,11 231 116 370 good 326 293 454 416 good 608 150 724 266 good 158 166 285 286 good
207.jpeg,703 61 1239 661 good
10.jpg,44 300 67 330 good 139 335 182 378 good 184 305 254 382 good 256 304 296 348 good 349 405 421 476 good 48 265 64 280 good 102 263 120 281 good 128 265 153 288 good 157 265 179 285 good 341 265 370 298 good 374 282 395 304 good 386 318 418 347 good 420 255 438 277 good 515 295 548 321 good 488 404 524 435 good 584 283 607 322 good 626 304 663 347 good 605 362 655 449 good 546 232 567 255 good 494 235 519 259 good 745 307 794 350 good 678 272 706 294 good 804 228 822 250 good 788 205 806 224 good 854 371 1012 533 good 1127 241 1175 301 good 1032 276 1063 309 good 80 375 101 401 good 68 258 84 276 good
324.jpg,16 144 95 209 good 505 99 586 209 good 467 116 506 172 good 737 107 782 148 good 309 123 380 183 bad
566.jpg,213 139 249 180 bad 301 60 338 106 bad 496 80 548 139 good
206.jpg,448 225 572 346 good
217.jpg,145 183 183 235 good 315 223 360 259 good 383 196 403 220 good 67 190 81 214 good 581 183 598 209 good 619 192 637 214 good 441 178 471 214 bad 524 199 556 238 bad
158.jpg,473 103 569 219 good 99 175 156 228 good 635 149 691 205 good 829 191 910 255 good
294.jpg,366 927 540 1113 good 1171 1266 1360 1455 good 1408 834 1621 1045 good
18.jpg,411 433 580 632 good
575.png,470 176 509 221 good 522 169 552 198 bad
151.jpg,123 263 475 689 good 764 304 1177 750 good
452.jpg,12 238 92 318 bad 46 42 104 97 bad 103 24 150 79 good 243 2 291 51 good 166 36 228 99 bad 208 141 247 185 bad 149 237 223 312 bad 89 336 183 400 bad 125 441 238 567 good 248 333 369 425 bad 240 181 319 253 bad 266 56 328 101 bad 351 61 407 113 bad 400 37 462 94 good 383 164 460 239 good 464 122 518 179 bad 509 31 576 97 bad 603 40 663 85 bad 615 128 669 179 bad 544 201 629 290 good 508 346 586 418 bad 606 416 693 499 good 675 247 753 326 good 720 56 772 110 bad 820 30 862 72 bad 765 153 828 209 good
603.jpg,208 332 364 473 good 675 230 800 353 good 1087 227 1187 340 good 1185 338 1300 445 good 972 271 1039 356 none 567 284 639 363 bad
357.jpg,87 394 155 486 none 317 386 374 452 good 527 415 585 483 good 717 500 772 552 bad 808 388 870 449 good 925 388 959 428 good 1 360 31 413 good 635 407 665 443 bad
535.jpg,426 127 500 210 good 570 210 626 282 good
214.jpg,133 109 215 201 good 329 37 353 74 good 439 66 483 116 good 525 33 556 70 good 730 177 759 216 good 777 165 802 191 good 805 181 866 233 good
344.jpg,1558 1099 1911 1434 good
42.jpg,242 75 306 140 good 303 90 341 149 none 364 143 402 185 good 474 136 514 181 good 552 145 646 230 good 719 119 759 179 good 909 85 968 155 good 1058 90 1113 151 none
172.jpeg,241 75 440 316 none 543 221 614 303 bad
31.jpg,48 24 69 49 good 109 18 129 39 good 238 30 259 60 good 332 5 354 29 good 41 94 66 122 good 105 78 130 103 good 213 73 237 100 good 231 111 254 135 good 180 153 206 177 good 49 142 78 171 good 15 179 42 208 good 70 209 98 233 good 70 243 94 275 good 118 260 145 291 good 121 302 156 336 good 82 410 118 442 good 102 474 138 512 good 184 450 220 481 good 246 254 278 283 good 266 179 291 205 good 284 418 321 457 good 339 283 369 319 good 390 44 412 62 good 409 72 432 96 good 460 48 483 72 good 438 96 463 121 good 515 90 539 114 good 493 119 521 150 good 465 201 492 231 good 426 247 454 281 good 555 404 590 443 good 601 185 630 218 good 623 277 653 308 good 618 14 641 35 good 642 2 660 26 good 733 22 750 46 bad 661 50 682 70 good 754 177 777 198 good 704 248 732 279 good 722 354 746 383 good 747 380 779 410 good
587.jpg,325 46 386 116 good 530 140 581 196 good 746 149 789 199 good
121.jpg,218 102 322 198 good
82.jpg,341 240 471 394 good 670 241 828 407 good 1005 305 1122 428 good 1125 319 1278 467 good
91.jpg,127 820 278 967 good 223 737 331 865 good 476 782 620 929 good 810 674 899 767 good 903 841 1056 1005 good 1044 816 1105 927 good 1129 754 1212 842 good 1265 907 1407 1048 good 1507 833 1614 939 good
383.jpg,90 233 169 312 good 431 245 514 326 good 687 125 755 203 good 755 136 817 212 good 792 249 860 318 good 777 431 835 503 good
480.jpg,205 544 325 697 bad 8 521 105 624 bad 145 437 225 521 bad 661 537 865 754 good 1101 501 1275 691 good 1515 651 1648 787 bad 413 421 479 475 bad 829 454 894 536 bad
550.jpeg,229 207 518 512 good
499.jpeg,133 127 151 159 good 239 115 291 190 good 468 171 528 223 good 564 138 587 164 good 644 113 679 159 bad 757 144 791 193 bad 834 120 852 152 good 877 131 902 157 good
226.jpg,50 440 264 740 good 353 298 609 550 good 705 581 981 833 good 1322 264 1543 516 good
241.jpeg,160 253 192 288 good 260 201 298 243 good 362 215 396 252 good 329 235 362 261 bad 499 201 535 242 good 545 220 584 263 good 628 180 666 220 good 765 232 799 266 bad
391.jpg,305 38 494 316 good 586 424 770 670 good
606.png,249 614 535 914 good 350 1415 503 1571 good
129.jpg,385 194 782 618 good
200.jpg,225 136 400 314 good
421.jpg,147 240 200 289 good 286 140 328 185 good 637 169 690 229 good 1049 129 1114 200 good
378.jpg,118 324 248 477 good 461 343 604 501 good
495.jpg,408 233 451 275 good 526 258 586 307 bad 724 209 783 275 good 913 269 989 339 good 1077 303 1145 372 good 1248 266 1344 354 good 1481 239 1546 353 good 328 273 361 312 good 283 245 318 289 good 226 251 257 289 good 169 250 205 281 good
484.jpg,20 124 76 183 good 170 118 231 184 good 357 94 408 160 good 421 123 479 188 good 473 100 527 151 good 537 80 604 135 good 626 67 673 127 good 686 50 746 118 good
56.jpg,35 472 56 514 bad 77 474 121 523 good 170 462 189 492 good 247 494 287 536 good 322 372 346 404 bad 344 383 381 415 good 391 394 422 422 none 361 437 394 473 bad 312 461 349 496 good 406 441 443 483 good 450 406 484 448 good 545 391 577 421 good 496 457 536 500 good 517 503 561 555 good 595 378 633 417 good 564 634 613 683 bad 567 318 595 344 good 512 293 537 320 good 617 320 643 348 good 734 270 759 295 good 797 280 816 301 good 915 330 940 355 good
271.jpeg,1 225 31 322 good 144 247 225 341 good 337 235 441 342 good
152.jpg,356 148 419 221 good 686 128 746 198 good
162.jpg,525 160 620 267 good 626 135 716 239 good 918 89 1008 169 good 941 177 1039 277 good 963 425 1081 532 good 1080 158 1161 231 good 1228 137 1285 208 good 1177 144 1233 207 good 1376 171 1419 224 good 303 38 399 177 good
366.jpg,344 386 812 846 good
423.jpg,1 95 76 172 none 76 128 142 185 bad 231 85 278 159 good 297 91 376 169 good
382.jpg,1115 208 1190 308 good 747 183 849 283 good 478 208 561 303 bad 176 288 232 347 bad 337 193 378 249 bad 112 213 164 269 bad 608 271 651 313 bad
380.jpg,63 195 112 247 good 135 177 174 220 good 192 158 223 192 good 255 203 306 253 good 416 196 465 246 good 489 126 575 220 good 612 138 656 199 good 715 211 745 243 good 778 170 822 221 good 876 210 914 253 good 965 190 1002 234 good 1009 188 1030 222 good 278 154 308 179 good
582.jpg,1043 319 1157 419 good 1188 263 1305 384 good 1347 381 1426 477 good
105.jpg,155 303 232 376 good 1074 248 1155 342 none
490.jpg,339 257 386 302 good 541 282 590 328 good 686 281 713 312 bad
64.jpg,17 135 67 192 good 145 170 201 226 good 380 114 439 182 good 490 92 549 165 good 616 188 669 248 good 845 147 905 223 good
469.jpg,133 242 215 342 good 248 186 318 259 good 318 174 369 220 good 401 165 458 224 good 463 183 535 261 good 506 92 569 160 good 49 205 82 252 good
338.jpg,363 206 597 459 good 72 167 180 306 good
600.jpg,815 258 896 347 good 1029 179 1096 262 good 735 147 811 245 good 435 310 506 377 good 488 239 550 308 good 1 204 96 389 good 371 256 425 310 good 292 233 354 285 good 90 233 135 276 good 213 231 263 272 good 171 214 196 245 good 599 208 632 243 good
356.jpg,890 605 1586 1313 good
321.jpg,149 500 261 619 bad 491 371 648 554 good 913 366 1086 559 good
141.jpg,696 180 768 259 good 496 232 518 267 good 554 238 592 264 good 596 230 616 255 good
184.jpg,19 352 135 475 bad 244 215 419 372 good 506 305 640 558 bad
11.jpg,234 38 257 70 good 199 58 235 94 good 115 287 187 357 good 282 234 339 297 good 361 130 411 187 good 361 9 379 27 good 412 15 429 38 good 497 28 526 53 good 475 101 523 156 good 495 185 554 247 good 574 97 627 153 good 675 50 703 79 bad 730 61 763 101 good 712 10 737 37 good 768 5 799 36 good 812 23 843 46 good
464.jpg,364 107 434 179 good 511 192 569 253 good 224 439 355 562 good 477 488 598 562 good 811 84 869 144 good 614 58 677 115 good 695 53 755 126 good 482 107 545 179 good 516 5 542 49 good 387 26 432 73 good 256 1 286 37 good 137 28 182 71 good 27 50 76 89 good 190 13 222 49 good 768 1 809 45 good 211 47 248 91 bad
602.jpg,67 725 139 805 good 65 402 100 462 good 190 390 243 449 good 67 507 108 574 bad 20 529 55 607 bad 435 235 527 327 good 559 256 641 339 good 735 270 827 372 good 992 292 1067 380 good 1163 260 1253 358 good 1531 382 1588 439 good 1531 500 1590 578 bad
670.jpg,301 135 449 291 good
474.jpg,313 212 389 308 good 272 110 324 157 good 536 59 597 127 good 831 39 904 120 good
135.jpg,16 228 91 301 good 222 241 289 309 good 389 250 458 321 good 479 159 540 230 good 583 197 645 272 good 772 224 841 299 good 1009 213 1072 288 good 1168 265 1229 328 good 1336 254 1399 322 good 1501 307 1576 371 good 1710 265 1793 341 good
9.jpg,183 31 283 153 good 328 142 501 340 good 593 1 737 126 good 724 192 905 417 good 862 300 1016 550 good
87.jpg,150 126 282 254 bad 58 300 192 456 good 233 278 346 418 good 376 284 515 435 good 481 153 596 248 bad 630 213 727 337 good 746 251 900 413 good 920 200 1024 354 good
427.jpg,31 84 111 171 good 300 125 371 199 good 708 142 766 209 good 911 124 986 190 good
510.jpg,89 166 163 324 good 207 253 310 389 good 402 167 527 291 good 546 229 666 377 good 750 81 840 173 good
175.jpg,147 56 182 106 good 225 91 278 152 good 386 76 432 133 good 456 167 504 220 good 647 55 698 119 good 785 38 824 87 good 341 112 374 144 good
155.jpg,540 229 929 626 good
553.jpg,340 78 442 207 bad 746 146 851 257 good
497.jpg,107 101 140 159 good 83 226 108 281 good 173 322 194 371 good 207 81 262 131 good 294 56 341 114 good 582 292 637 355 good 577 165 626 222 good 768 55 814 111 good
79.jpg,440 275 559 392 good 648 328 681 389 none 1184 289 1240 344 good 1320 278 1473 430 good
288.jpeg,3 111 31 148 bad 35 91 73 134 bad 92 92 117 124 bad 99 119 117 164 bad 38 217 64 254 bad 52 279 98 337 good 93 343 142 406 none 194 545 261 600 bad 216 14 239 44 bad 221 77 254 119 bad 266 101 292 145 bad 293 110 317 154 bad 193 208 227 247 bad 248 295 286 350 good 315 293 349 346 good 385 108 412 141 bad 415 107 438 143 bad 457 127 481 185 good 521 51 557 106 bad 591 77 619 115 bad 687 68 730 121 good 677 153 717 222 good 216 19 243 43 bad
19.jpg,1 594 36 655 bad 28 575 86 645 bad 158 480 257 595 bad 518 651 616 762 bad
110.jpg,271 239 417 417 good 461 306 615 487 good 815 260 1013 437 bad
300.jpg,71 204 314 486 good 491 267 723 500 good
482.jpg,31 419 231 608 good 318 134 619 412 good
496.jpg,281 214 352 298 good 665 103 741 190 good 687 312 803 438 good
180.jpg,9 130 88 217 good 110 171 212 279 good 143 337 242 441 bad 18 849 166 1002 good 445 68 558 162 good 473 354 582 477 good 267 632 377 775 none 172 725 310 875 good 661 916 788 1059 good 870 60 1001 171 good 899 263 1021 383 good 940 700 1051 805 good 1018 783 1164 924 good 1212 59 1328 168 good 1177 349 1282 470 good 1370 44 1505 179 good 1532 2 1636 71 good 1656 159 1782 273 good 1718 556 1858 675 good
319.jpeg,191 239 285 331 good 476 237 579 341 good 697 92 801 194 good 293 191 351 254 bad 595 219 635 269 bad 987 219 1014 262 bad
115.jpg,62 172 118 230 good 219 215 267 264 none 319 152 371 209 good 317 390 419 522 good 366 274 452 362 good 519 150 549 190 good 571 239 661 342 good 657 114 691 160 none 674 179 719 229 good 744 269 801 332 good 767 160 819 214 good 834 297 950 407 good 911 122 949 162 good 854 122 894 165 good 1 369 56 446 good
424.jpg,104 198 214 314 good 556 188 718 360 good
481.jpg,290 265 384 375 good 467 275 545 348 good 597 281 631 338 bad
211.jpg,1 231 24 249 good 128 246 152 266 good 20 284 65 329 good 98 343 134 390 good 217 265 281 333 good 262 232 289 268 good 299 219 324 245 good 382 234 398 252 good 350 254 370 279 good 364 297 406 344 good 413 277 436 313 good 447 273 514 338 good 505 379 584 471 good 526 250 543 267 none 702 297 730 341 good 761 259 786 291 good 805 313 847 362 good 923 334 1114 542 good 1093 459 1166 546 good
492.jpeg,130 152 244 279 good 431 255 501 335 good 535 190 601 267 good 616 430 667 495 good
533.jpg,447 140 551 236 good 19 431 186 643 good 325 473 454 600 good 677 473 742 579 good 818 510 937 665 good 677 407 716 452 good 833 365 875 396 good 842 431 897 493 none 809 373 833 403 good
131.jpg,852 154 1095 470 good
40.jpg,466 291 568 396 good 348 65 446 196 good 625 120 653 160 bad
374.jpg,63 144 229 311 good 353 252 488 393 good 469 338 565 436 good 514 195 604 285 good 584 309 720 450 good 778 385 906 518 good 849 126 941 213 good 1090 250 1196 362 none
415.jpg,662 217 776 339 good 96 420 162 486 good 213 486 269 534 good 435 498 481 547 good 333 516 365 560 good 380 548 418 589 good 933 516 975 559 good 921 641 951 680 bad 1131 377 1187 452 good 1246 401 1299 473 good 1343 244 1433 369 good
417.jpeg,390 206 588 397 good 1012 127 1169 333 good
234.jpg,495 340 595 441 good 21 286 41 309 good 123 309 132 331 good 233 305 246 325 good 261 296 283 318 good 370 308 385 332 good 337 288 360 313 bad 425 289 442 314 good 484 293 504 319 good 647 300 663 325 good 692 291 702 312 good 732 309 746 330 good 866 216 883 231 good 937 296 945 314 good 881 291 898 314 bad 884 257 900 275 good
284.jpeg,160 194 240 284 good 277 271 324 324 good 453 102 550 206 good 529 197 582 248 good 754 131 850 234 good
278.jpg,563 201 619 265 bad 768 188 832 254 good 936 265 974 314 bad 1068 230 1106 288 bad
507.jpeg,200 615 247 658 bad 931 613 1087 794 good 1904 434 2109 657 good
182.jpg,110 186 154 229 good 282 179 320 222 good 377 181 414 229 good 420 162 459 209 good 583 185 625 230 good 706 186 747 234 good
647.jpg,225 109 300 204 bad 297 168 371 249 bad 512 228 589 332 good 777 138 824 226 good
183.jpg,118 78 239 204 good
99.jpg,366 42 430 102 good 55 181 103 225 good 382 285 449 363 good 628 59 689 121 bad 184 127 245 178 good
584.jpg,160 353 241 413 good 618 253 673 320 good 888 232 922 267 good 488 207 526 260 good
171.jpg,686 208 751 304 good 729 187 790 248 good 429 219 513 300 good 347 133 410 214 good 237 156 289 220 good 113 121 182 201 good 531 121 618 195 good 600 126 671 204 bad
586.jpeg,383 284 728 637 good
23.jpeg,112 663 200 739 good 272 747 390 808 good 527 210 659 320 good 729 190 886 363 none
326.jpg,69 141 183 273 good 339 129 442 257 good 590 129 705 261 good 63 474 183 606 good 330 481 448 624 good 594 481 712 609 good
236.jpg,209 75 267 136 good 391 138 446 205 good 525 204 588 265 good 685 171 755 241 good
247.jpg,184 182 229 225 good 305 179 351 225 good 416 193 473 246 good 90 177 116 210 good 306 140 338 174 good 240 149 261 176 good 391 154 438 207 good 858 177 904 223 good 698 148 742 192 good 594 155 637 200 good 763 156 800 214 bad 906 137 935 172 good 95 210 114 249 good
71.jpg,11 534 57 581 good 125 850 168 889 good 119 512 168 557 good 242 518 290 575 good 204 656 253 710 bad 299 748 339 796 bad 235 380 282 431 good 343 391 367 441 good 261 271 303 316 bad 160 146 194 188 good 499 713 554 775 good 621 938 683 1003 good 558 645 608 703 good 556 502 592 543 bad 511 425 551 473 good 697 506 735 556 good 729 728 783 787 good 797 848 851 913 good 735 834 794 899 good 908 968 944 1017 good 919 681 974 742 good 882 634 943 674 good 844 467 893 517 good 667 382 717 428 good 425 264 467 302 good 406 217 444 262 bad 513 270 557 317 bad 585 245 622 287 bad 715 275 758 321 good 672 202 719 248 good 515 72 548 110 good 589 38 619 75 good 635 163 672 197 good 780 156 818 192 good 473 205 507 242 good 820 386 868 429 good 891 320 932 370 good 954 374 995 422 good 977 502 1016 545 good 1184 919 1244 980 good 1266 1014 1334 1077 good 1173 596 1224 641 good 1190 419 1236 460 good 1057 390 1104 440 good 1098 357 1136 394 good 1109 287 1146 326 good 1000 206 1037 241 good 622 3 649 35 good 795 37 820 68 bad 848 15 884 56 good 981 65 1013 103 good 1070 18 1099 51 good 1234 131 1272 171 good 1280 108 1312 139 bad 1257 288 1293 323 good 1326 406 1365 447 good 1377 636 1434 692 good 1376 460 1420 508 good 1418 510 1467 558 good 1447 428 1490 477 good 1440 610 1482 660 good 1347 64 1374 97 good 1270 1 1303 35 good 1400 1 1421 36 good 1465 22 1491 57 good 1466 68 1495 102 bad 1412 154 1443 189 bad 1537 202 1576 246 good 1643 108 1680 141 good 1670 1 1696 33 bad 1730 103 1766 139 good 1701 179 1738 219 good 1689 261 1729 305 good 1628 295 1665 337 good 1730 315 1771 360 good 1815 256 1841 286 good 1752 386 1796 435 good 1811 474 1861 517 good 1839 311 1877 360 good 1636 70 1661 100 good 1878 705 1920 763 good 1875 609 1920 659 good 1785 533 1825 572 good
630.jpg,238 51 278 98 bad 62 140 112 199 bad 348 274 408 337 bad 470 187 541 261 good 612 132 664 176 bad 604 201 668 266 bad
